<?xml version="1.0" encoding="UTF-8"?>
<!--AIP Descriptor-->
<mets:mets xmlns:daitss="http://www.fcla.edu/dls/md/daitss/" xmlns:mets="http://www.loc.gov/METS/" xmlns:v3="http://www.loc.gov/mods/v3" xmlns:xlink="http://www.w3.org/1999/xlink" xmlns:xsi="http://www.w3.org/2001/XMLSchema-instance" xsi:schemaLocation="http://purl.org/dc/elements/1.1/ ../E20081121_AAAAEX/links_20081121220345/dublincore.org/schemas/xmls/simpledc20021212_LOC.xsd http://www.fcla.edu/dls/md/daitss/ ../E20081121_AAAAEX/links_20081121220345/www.fcla.edu/dls/md/daitss/daitss_LOC.xsd http://www.fcla.edu/dls/md/techmd/ ../E20081121_AAAAEX/links_20081121220345/www.fcla.edu/dls/md/techmd_LOC.xsd http://www.loc.gov/METS/ ../E20081121_AAAAEX/links_20081121220345/www.loc.gov/standards/mets/version14/mets_LOC.xsd http://www.fcla.edu/dls/md/rightsmd/ ../E20081121_AAAAEX/links_20081121220345/www.fcla.edu/dls/md/rightsmd_LOC.xsd http://www.loc.gov/mods/v3 links_20081121220345/www.loc.gov/standards/mods/v3/mods-3-3_LOC.xsd http://www.fcla.edu/dls/md/palmm/ ../E20081121_AAAAEX/links_20081121220345/www.fcla.edu/dls/md/palmm_LOC.xsd">
  <!--mets header-->
  <mets:metsHdr CREATEDATE="2008-11-21T22:07:52Z">
    <mets:agent OTHERTYPE="SOFTWARE" ROLE="CREATOR" TYPE="OTHER">
      <mets:name>FDA</mets:name>
    </mets:agent>
  </mets:metsHdr>
  <!--descriptive meta data from the SIP descriptor-->
  <mets:dmdSec ID="DMD1">
    <mets:mdWrap MDTYPE="MODS">
      <mets:xmlData>
        <v3:mods>
          <v3:titleInfo>
            <v3:title>The fdA Team</v3:title>
          </v3:titleInfo>
        </v3:mods>
      </mets:xmlData>
    </mets:mdWrap>
  </mets:dmdSec>
  <!--AIP administrative meta data concerning daitss-->
  <mets:amdSec ID="AMD-AIP-CORE">
    <!--Relationships-->
    <!--Intellectual Entity-->
    <mets:techMD ID="TMD-CORE-INTELLECTUAL-ENTITY">
      <mets:mdWrap MDTYPE="OTHER" OTHERMDTYPE="DAITSS">
        <mets:xmlData>
          <daitss:daitss>
            <daitss:ADMIN>
              <daitss:OID>E20081121_AAAAEW</daitss:OID>
              <daitss:INGEST_TIME>2008-11-21 22:07:52</daitss:INGEST_TIME>
              <daitss:ACCOUNT_PROJECT>1</daitss:ACCOUNT_PROJECT>
            </daitss:ADMIN>
            <daitss:INT_ENTITY>
              <daitss:IEID>E20081121_AAAAEW</daitss:IEID>
              <daitss:PACKAGE_NAME>FDA0666001</daitss:PACKAGE_NAME>
              <daitss:ENTITY_ID>FDA0666001</daitss:ENTITY_ID>
              <daitss:TITLE>The fdA Team</daitss:TITLE>
            </daitss:INT_ENTITY>
            <daitss:AGREEMENT_INFO ACCOUNT="FDA" PROJECT="FDA"/>
          </daitss:daitss>
        </mets:xmlData>
      </mets:mdWrap>
    </mets:techMD>
    <!--Events-->
  </mets:amdSec>
  <!--AIP administrative meta data concerning files-->
  <mets:amdSec ID="AMD-AIP-FILE">
    <mets:techMD ID="TMD1">
      <mets:mdWrap MDTYPE="OTHER">
        <mets:xmlData>
          <daitss:daitss>
            <daitss:ADMIN>
              <daitss:OID>F20081121_AABLFL</daitss:OID>
              <daitss:INGEST_TIME>2008-11-21 22:07:52</daitss:INGEST_TIME>
              <daitss:ACCOUNT_PROJECT>1</daitss:ACCOUNT_PROJECT>
            </daitss:ADMIN>
            <daitss:DATA_FILE>
              <daitss:DFID>F20081121_AABLFL</daitss:DFID>
              <daitss:IEID>E20081121_AAAAEW</daitss:IEID>
              <daitss:CREATE_DATE>2008-11-21 22:05:10</daitss:CREATE_DATE>
              <daitss:FILE_COPY_DATE>0000-00-00 00:00:00</daitss:FILE_COPY_DATE>
              <daitss:DIP_VERSION>F20081121_AABLFL</daitss:DIP_VERSION>
              <daitss:ORIGIN>DEPOSITOR</daitss:ORIGIN>
              <daitss:PACKAGE_PATH>ateam.tiff</daitss:PACKAGE_PATH>
              <daitss:FILE_TITLE>ateam.tiff</daitss:FILE_TITLE>
              <daitss:FILE_EXT>tif</daitss:FILE_EXT>
              <daitss:FORMAT>IMG_TIFF_4_0</daitss:FORMAT>
              <daitss:CREATOR_PROG/>
              <daitss:SIZE>921972</daitss:SIZE>
              <daitss:BYTE_ORDER>BE</daitss:BYTE_ORDER>
              <daitss:IS_ROOT>FALSE</daitss:IS_ROOT>
              <daitss:IS_GLOBAL>FALSE</daitss:IS_GLOBAL>
              <daitss:IS_OBSOLETE>FALSE</daitss:IS_OBSOLETE>
              <daitss:CAN_DELETE>FALSE</daitss:CAN_DELETE>
              <daitss:ROLE>CONTENT_FILE</daitss:ROLE>
              <daitss:PRES_LEVEL>FULL</daitss:PRES_LEVEL>
            </daitss:DATA_FILE>
            <daitss:MESSAGE_DIGEST>
              <daitss:DFID>F20081121_AABLFL</daitss:DFID>
              <daitss:CODE>sha-1</daitss:CODE>
              <daitss:VALUE>cd6244779b6f21b7000b55403d9451cf87f1bf1b</daitss:VALUE>
              <daitss:ORIGIN>ARCHIVE</daitss:ORIGIN>
            </daitss:MESSAGE_DIGEST>
            <daitss:MESSAGE_DIGEST>
              <daitss:DFID>F20081121_AABLFL</daitss:DFID>
              <daitss:CODE>md5</daitss:CODE>
              <daitss:VALUE>805ae75bc4595521e350564c90a56d28</daitss:VALUE>
              <daitss:ORIGIN>ARCHIVE</daitss:ORIGIN>
            </daitss:MESSAGE_DIGEST>
            <daitss:BITSTREAM>
              <daitss:DFID>F20081121_AABLFL</daitss:DFID>
              <daitss:BSID>F20081121_AABLFL_0</daitss:BSID>
              <daitss:SEQUENCE>1</daitss:SEQUENCE>
              <daitss:LOCATION>921638</daitss:LOCATION>
              <daitss:LOCATION_TYPE>FILE_BYTE_OFFSET</daitss:LOCATION_TYPE>
              <daitss:COMPRESSION>NONE</daitss:COMPRESSION>
              <daitss:BS_TABLE>BS_IMAGE</daitss:BS_TABLE>
              <daitss:ROLE>UNKNOWN</daitss:ROLE>
            </daitss:BITSTREAM>
            <daitss:BS_IMAGE>
              <daitss:DFID>F20081121_AABLFL</daitss:DFID>
              <daitss:BSID>F20081121_AABLFL_0</daitss:BSID>
              <daitss:BITS_PER_SAMPLE>8, 8, 8</daitss:BITS_PER_SAMPLE>
              <daitss:HAS_INTERNAL_CLUT>FALSE</daitss:HAS_INTERNAL_CLUT>
              <daitss:EXTRA_SAMPLES/>
              <daitss:ORIENTATION>TL</daitss:ORIENTATION>
              <daitss:COLOR_SPACE>RGB</daitss:COLOR_SPACE>
              <daitss:IMAGE_WIDTH>31457280</daitss:IMAGE_WIDTH>
              <daitss:IMAGE_LENGTH>31457280</daitss:IMAGE_LENGTH>
              <daitss:HAS_ICC_PROFILE>FALSE</daitss:HAS_ICC_PROFILE>
              <daitss:NUM_COMPONENTS>3</daitss:NUM_COMPONENTS>
              <daitss:RES_UNIT>IN</daitss:RES_UNIT>
              <daitss:RES_HORZ>41943040</daitss:RES_HORZ>
              <daitss:RES_VERT>31457280</daitss:RES_VERT>
              <daitss:SAMPLING_HOR>1:1:1</daitss:SAMPLING_HOR>
              <daitss:SAMPLING_VER>1:1:1</daitss:SAMPLING_VER>
              <daitss:BS_TABLE>BS_IMAGE_TIFF</daitss:BS_TABLE>
            </daitss:BS_IMAGE>
            <daitss:BS_IMAGE_TIFF>
              <daitss:DFID>F20081121_AABLFL</daitss:DFID>
              <daitss:BSID>F20081121_AABLFL_0</daitss:BSID>
              <daitss:HAS_CHROMATICITIES>FALSE</daitss:HAS_CHROMATICITIES>
              <daitss:NUM_STRIPS>8</daitss:NUM_STRIPS>
              <daitss:NUM_TILES>0</daitss:NUM_TILES>
              <daitss:PLANAR_CONFIG>CHUNKY</daitss:PLANAR_CONFIG>
              <daitss:STORAGE_SEGMENT>STRIP</daitss:STORAGE_SEGMENT>
              <daitss:MAX_STRIP_BYTES>130560</daitss:MAX_STRIP_BYTES>
              <daitss:ROWS_PER_STRIP>68</daitss:ROWS_PER_STRIP>
              <daitss:MAX_TILE_BYTES>0</daitss:MAX_TILE_BYTES>
              <daitss:TILE_LENGTH>0</daitss:TILE_LENGTH>
              <daitss:TILE_WIDTH>0</daitss:TILE_WIDTH>
            </daitss:BS_IMAGE_TIFF>
          </daitss:daitss>
        </mets:xmlData>
      </mets:mdWrap>
    </mets:techMD>
    <mets:techMD ID="TMD2">
      <mets:mdWrap MDTYPE="OTHER">
        <mets:xmlData>
          <daitss:daitss>
            <daitss:ADMIN>
              <daitss:OID>F20081121_AABLSH</daitss:OID>
              <daitss:INGEST_TIME>2008-11-21 22:07:52</daitss:INGEST_TIME>
              <daitss:ACCOUNT_PROJECT>1</daitss:ACCOUNT_PROJECT>
            </daitss:ADMIN>
            <daitss:DATA_FILE>
              <daitss:DFID>F20081121_AABLSH</daitss:DFID>
              <daitss:IEID>E20081121_AAAAEW</daitss:IEID>
              <daitss:CREATE_DATE>2008-11-21 22:05:07</daitss:CREATE_DATE>
              <daitss:FILE_COPY_DATE>0000-00-00 00:00:00</daitss:FILE_COPY_DATE>
              <daitss:DIP_VERSION>F20081121_AABLSH</daitss:DIP_VERSION>
              <daitss:ORIGIN>ARCHIVE</daitss:ORIGIN>
              <daitss:PACKAGE_PATH>AIP_20081121220459_LOC.xml</daitss:PACKAGE_PATH>
              <daitss:FILE_TITLE>AIP_20081121220459_LOC.xml</daitss:FILE_TITLE>
              <daitss:FILE_EXT>xml</daitss:FILE_EXT>
              <daitss:FORMAT>APP_XML_1_0</daitss:FORMAT>
              <daitss:CREATOR_PROG/>
              <daitss:SIZE>72765</daitss:SIZE>
              <daitss:BYTE_ORDER>N/A</daitss:BYTE_ORDER>
              <daitss:IS_ROOT>TRUE</daitss:IS_ROOT>
              <daitss:IS_GLOBAL>FALSE</daitss:IS_GLOBAL>
              <daitss:IS_OBSOLETE>FALSE</daitss:IS_OBSOLETE>
              <daitss:CAN_DELETE>FALSE</daitss:CAN_DELETE>
              <daitss:ROLE>CONTENT_FILE</daitss:ROLE>
              <daitss:PRES_LEVEL>FULL</daitss:PRES_LEVEL>
            </daitss:DATA_FILE>
            <daitss:DATA_FILE_FORMAT_ATTRIBUTE>
              <daitss:DFID>F20081121_AABLSH</daitss:DFID>
              <daitss:FORMAT_ATTRIBUTE>APP_XML_HAS_W3D_SCHEMA</daitss:FORMAT_ATTRIBUTE>
            </daitss:DATA_FILE_FORMAT_ATTRIBUTE>
            <daitss:MESSAGE_DIGEST>
              <daitss:DFID>F20081121_AABLSH</daitss:DFID>
              <daitss:CODE>sha-1</daitss:CODE>
              <daitss:VALUE>2297f7a73e2ec346850e36b6c30b6ab5fd112648</daitss:VALUE>
              <daitss:ORIGIN>ARCHIVE</daitss:ORIGIN>
            </daitss:MESSAGE_DIGEST>
            <daitss:MESSAGE_DIGEST>
              <daitss:DFID>F20081121_AABLSH</daitss:DFID>
              <daitss:CODE>md5</daitss:CODE>
              <daitss:VALUE>21056a4352db14127b68bf43930fccac</daitss:VALUE>
              <daitss:ORIGIN>ARCHIVE</daitss:ORIGIN>
            </daitss:MESSAGE_DIGEST>
            <daitss:BITSTREAM>
              <daitss:DFID>F20081121_AABLSH</daitss:DFID>
              <daitss:BSID>F20081121_AABLSH_0</daitss:BSID>
              <daitss:SEQUENCE>1</daitss:SEQUENCE>
              <daitss:LOCATION>0</daitss:LOCATION>
              <daitss:LOCATION_TYPE>FILE_BYTE_OFFSET</daitss:LOCATION_TYPE>
              <daitss:COMPRESSION>NOT_APPLICABLE</daitss:COMPRESSION>
              <daitss:BS_TABLE>BS_MARKUP</daitss:BS_TABLE>
              <daitss:ROLE>DOC_MAIN</daitss:ROLE>
            </daitss:BITSTREAM>
            <daitss:BS_MARKUP>
              <daitss:DFID>F20081121_AABLSH</daitss:DFID>
              <daitss:BSID>F20081121_AABLSH_0</daitss:BSID>
              <daitss:MARKUP_BASIS>XML</daitss:MARKUP_BASIS>
              <daitss:SCHEMA_TYPE>W3C_XML_SCHEMA</daitss:SCHEMA_TYPE>
              <daitss:MARKUP_LANGUAGE>http://www.loc.gov/METS/</daitss:MARKUP_LANGUAGE>
              <daitss:VALID>TRUE</daitss:VALID>
              <daitss:CHARSET>UTF-8</daitss:CHARSET>
              <daitss:CHARSET_ORIGIN>ARCHIVE</daitss:CHARSET_ORIGIN>
            </daitss:BS_MARKUP>
          </daitss:daitss>
        </mets:xmlData>
      </mets:mdWrap>
    </mets:techMD>
    <mets:techMD ID="TMD3">
      <mets:mdWrap MDTYPE="OTHER">
        <mets:xmlData>
          <daitss:daitss>
            <daitss:ADMIN>
              <daitss:OID>F20081121_AABLFN</daitss:OID>
              <daitss:INGEST_TIME>2008-11-21 22:07:52</daitss:INGEST_TIME>
              <daitss:ACCOUNT_PROJECT>1</daitss:ACCOUNT_PROJECT>
            </daitss:ADMIN>
            <daitss:DATA_FILE>
              <daitss:DFID>F20081121_AABLFN</daitss:DFID>
              <daitss:IEID>E20081121_AAAAEW</daitss:IEID>
              <daitss:CREATE_DATE>2008-11-21 22:05:10</daitss:CREATE_DATE>
              <daitss:FILE_COPY_DATE>0000-00-00 00:00:00</daitss:FILE_COPY_DATE>
              <daitss:DIP_VERSION>F20081121_AABLFN</daitss:DIP_VERSION>
              <daitss:ORIGIN>INTERNET</daitss:ORIGIN>
              <daitss:ORIG_URI>http://www.loc.gov/standards/mets/version17/mets.v1-7.xsd</daitss:ORIG_URI>
              <daitss:PACKAGE_PATH>links_20081121220345/www.loc.gov/standards/mets/version17/mets.v1-7.xsd</daitss:PACKAGE_PATH>
              <daitss:FILE_TITLE>mets.v1-7.xsd</daitss:FILE_TITLE>
              <daitss:FILE_EXT>xsd</daitss:FILE_EXT>
              <daitss:FORMAT>APP_XML_1_0</daitss:FORMAT>
              <daitss:CREATOR_PROG/>
              <daitss:SIZE>79592</daitss:SIZE>
              <daitss:BYTE_ORDER>N/A</daitss:BYTE_ORDER>
              <daitss:IS_ROOT>TRUE</daitss:IS_ROOT>
              <daitss:IS_GLOBAL>FALSE</daitss:IS_GLOBAL>
              <daitss:IS_OBSOLETE>FALSE</daitss:IS_OBSOLETE>
              <daitss:CAN_DELETE>FALSE</daitss:CAN_DELETE>
              <daitss:ROLE>SCHEMA</daitss:ROLE>
              <daitss:PRES_LEVEL>FULL</daitss:PRES_LEVEL>
            </daitss:DATA_FILE>
            <daitss:MESSAGE_DIGEST>
              <daitss:DFID>F20081121_AABLFN</daitss:DFID>
              <daitss:CODE>sha-1</daitss:CODE>
              <daitss:VALUE>2bbd0e3166734d9316247259d6aa47632a56ffb5</daitss:VALUE>
              <daitss:ORIGIN>ARCHIVE</daitss:ORIGIN>
            </daitss:MESSAGE_DIGEST>
            <daitss:MESSAGE_DIGEST>
              <daitss:DFID>F20081121_AABLFN</daitss:DFID>
              <daitss:CODE>md5</daitss:CODE>
              <daitss:VALUE>5309516e3b6e8efc4872d14b6621a914</daitss:VALUE>
              <daitss:ORIGIN>ARCHIVE</daitss:ORIGIN>
            </daitss:MESSAGE_DIGEST>
            <daitss:BITSTREAM>
              <daitss:DFID>F20081121_AABLFN</daitss:DFID>
              <daitss:BSID>F20081121_AABLFN_0</daitss:BSID>
              <daitss:SEQUENCE>1</daitss:SEQUENCE>
              <daitss:LOCATION>0</daitss:LOCATION>
              <daitss:LOCATION_TYPE>FILE_BYTE_OFFSET</daitss:LOCATION_TYPE>
              <daitss:COMPRESSION>NOT_APPLICABLE</daitss:COMPRESSION>
              <daitss:BS_TABLE>BS_MARKUP</daitss:BS_TABLE>
              <daitss:ROLE>DOC_MAIN</daitss:ROLE>
            </daitss:BITSTREAM>
            <daitss:BS_MARKUP>
              <daitss:DFID>F20081121_AABLFN</daitss:DFID>
              <daitss:BSID>F20081121_AABLFN_0</daitss:BSID>
              <daitss:MARKUP_BASIS>XML</daitss:MARKUP_BASIS>
              <daitss:SCHEMA_TYPE>N/A</daitss:SCHEMA_TYPE>
              <daitss:MARKUP_LANGUAGE>http://www.w3.org/2001/XMLSchema</daitss:MARKUP_LANGUAGE>
              <daitss:VALID>N/A</daitss:VALID>
              <daitss:CHARSET>UTF-8</daitss:CHARSET>
              <daitss:CHARSET_ORIGIN>ARCHIVE</daitss:CHARSET_ORIGIN>
            </daitss:BS_MARKUP>
          </daitss:daitss>
        </mets:xmlData>
      </mets:mdWrap>
    </mets:techMD>
    <mets:techMD ID="TMD4">
      <mets:mdWrap MDTYPE="OTHER">
        <mets:xmlData>
          <daitss:daitss>
            <daitss:ADMIN>
              <daitss:OID>F20081121_AABLQT</daitss:OID>
              <daitss:INGEST_TIME>2008-11-21 22:07:52</daitss:INGEST_TIME>
              <daitss:ACCOUNT_PROJECT>1</daitss:ACCOUNT_PROJECT>
            </daitss:ADMIN>
            <daitss:DATA_FILE>
              <daitss:DFID>F20081121_AABLQT</daitss:DFID>
              <daitss:IEID>E20081121_AAAAEW</daitss:IEID>
              <daitss:CREATE_DATE>2008-11-21 22:04:38</daitss:CREATE_DATE>
              <daitss:FILE_COPY_DATE>0000-00-00 00:00:00</daitss:FILE_COPY_DATE>
              <daitss:DIP_VERSION>F20081121_AABLQT</daitss:DIP_VERSION>
              <daitss:ORIGIN>ARCHIVE</daitss:ORIGIN>
              <daitss:PACKAGE_PATH>FDA0666001_LOC.xml</daitss:PACKAGE_PATH>
              <daitss:FILE_TITLE>FDA0666001_LOC.xml</daitss:FILE_TITLE>
              <daitss:FILE_EXT>xml</daitss:FILE_EXT>
              <daitss:FORMAT>APP_XML_1_0</daitss:FORMAT>
              <daitss:CREATOR_PROG/>
              <daitss:SIZE>1530</daitss:SIZE>
              <daitss:BYTE_ORDER>N/A</daitss:BYTE_ORDER>
              <daitss:IS_ROOT>TRUE</daitss:IS_ROOT>
              <daitss:IS_GLOBAL>FALSE</daitss:IS_GLOBAL>
              <daitss:IS_OBSOLETE>FALSE</daitss:IS_OBSOLETE>
              <daitss:CAN_DELETE>FALSE</daitss:CAN_DELETE>
              <daitss:ROLE>CONTENT_FILE</daitss:ROLE>
              <daitss:PRES_LEVEL>FULL</daitss:PRES_LEVEL>
            </daitss:DATA_FILE>
            <daitss:DATA_FILE_FORMAT_ATTRIBUTE>
              <daitss:DFID>F20081121_AABLQT</daitss:DFID>
              <daitss:FORMAT_ATTRIBUTE>APP_XML_HAS_W3D_SCHEMA</daitss:FORMAT_ATTRIBUTE>
            </daitss:DATA_FILE_FORMAT_ATTRIBUTE>
            <daitss:MESSAGE_DIGEST>
              <daitss:DFID>F20081121_AABLQT</daitss:DFID>
              <daitss:CODE>sha-1</daitss:CODE>
              <daitss:VALUE>0a108573ea86d5a02b3a6fe3f6e82f625a00ccfb</daitss:VALUE>
              <daitss:ORIGIN>ARCHIVE</daitss:ORIGIN>
            </daitss:MESSAGE_DIGEST>
            <daitss:MESSAGE_DIGEST>
              <daitss:DFID>F20081121_AABLQT</daitss:DFID>
              <daitss:CODE>md5</daitss:CODE>
              <daitss:VALUE>a72206a661646fea117c142382619273</daitss:VALUE>
              <daitss:ORIGIN>ARCHIVE</daitss:ORIGIN>
            </daitss:MESSAGE_DIGEST>
            <daitss:BITSTREAM>
              <daitss:DFID>F20081121_AABLQT</daitss:DFID>
              <daitss:BSID>F20081121_AABLQT_0</daitss:BSID>
              <daitss:SEQUENCE>1</daitss:SEQUENCE>
              <daitss:LOCATION>0</daitss:LOCATION>
              <daitss:LOCATION_TYPE>FILE_BYTE_OFFSET</daitss:LOCATION_TYPE>
              <daitss:COMPRESSION>NOT_APPLICABLE</daitss:COMPRESSION>
              <daitss:BS_TABLE>BS_MARKUP</daitss:BS_TABLE>
              <daitss:ROLE>DOC_MAIN</daitss:ROLE>
            </daitss:BITSTREAM>
            <daitss:BS_MARKUP>
              <daitss:DFID>F20081121_AABLQT</daitss:DFID>
              <daitss:BSID>F20081121_AABLQT_0</daitss:BSID>
              <daitss:MARKUP_BASIS>XML</daitss:MARKUP_BASIS>
              <daitss:SCHEMA_TYPE>W3C_XML_SCHEMA</daitss:SCHEMA_TYPE>
              <daitss:MARKUP_LANGUAGE>http://www.loc.gov/METS/</daitss:MARKUP_LANGUAGE>
              <daitss:VALID>TRUE</daitss:VALID>
              <daitss:CHARSET>UTF-8</daitss:CHARSET>
              <daitss:CHARSET_ORIGIN>ARCHIVE</daitss:CHARSET_ORIGIN>
            </daitss:BS_MARKUP>
          </daitss:daitss>
        </mets:xmlData>
      </mets:mdWrap>
    </mets:techMD>
    <mets:techMD ID="TMD5">
      <mets:mdWrap MDTYPE="OTHER">
        <mets:xmlData>
          <daitss:daitss>
            <daitss:ADMIN>
              <daitss:OID>F20081121_AABLFQ</daitss:OID>
              <daitss:INGEST_TIME>2008-11-21 22:07:52</daitss:INGEST_TIME>
              <daitss:ACCOUNT_PROJECT>1</daitss:ACCOUNT_PROJECT>
            </daitss:ADMIN>
            <daitss:DATA_FILE>
              <daitss:DFID>F20081121_AABLFQ</daitss:DFID>
              <daitss:IEID>E20081121_AAAAEW</daitss:IEID>
              <daitss:CREATE_DATE>2008-11-21 22:05:10</daitss:CREATE_DATE>
              <daitss:FILE_COPY_DATE>0000-00-00 00:00:00</daitss:FILE_COPY_DATE>
              <daitss:DIP_VERSION>F20081121_AABLFQ</daitss:DIP_VERSION>
              <daitss:ORIGIN>INTERNET</daitss:ORIGIN>
              <daitss:ORIG_URI>http://www.loc.gov/standards/mods/v3/mods-3-3.xsd</daitss:ORIG_URI>
              <daitss:PACKAGE_PATH>links_20081121220345/www.loc.gov/standards/mods/v3/mods-3-3.xsd</daitss:PACKAGE_PATH>
              <daitss:FILE_TITLE>mods-3-3.xsd</daitss:FILE_TITLE>
              <daitss:FILE_EXT>xsd</daitss:FILE_EXT>
              <daitss:FORMAT>APP_XML_1_0</daitss:FORMAT>
              <daitss:CREATOR_PROG/>
              <daitss:SIZE>46412</daitss:SIZE>
              <daitss:BYTE_ORDER>N/A</daitss:BYTE_ORDER>
              <daitss:IS_ROOT>TRUE</daitss:IS_ROOT>
              <daitss:IS_GLOBAL>FALSE</daitss:IS_GLOBAL>
              <daitss:IS_OBSOLETE>FALSE</daitss:IS_OBSOLETE>
              <daitss:CAN_DELETE>FALSE</daitss:CAN_DELETE>
              <daitss:ROLE>SCHEMA</daitss:ROLE>
              <daitss:PRES_LEVEL>FULL</daitss:PRES_LEVEL>
            </daitss:DATA_FILE>
            <daitss:MESSAGE_DIGEST>
              <daitss:DFID>F20081121_AABLFQ</daitss:DFID>
              <daitss:CODE>sha-1</daitss:CODE>
              <daitss:VALUE>256180b9df9c46ed0f791f79bb8632572e817b4b</daitss:VALUE>
              <daitss:ORIGIN>ARCHIVE</daitss:ORIGIN>
            </daitss:MESSAGE_DIGEST>
            <daitss:MESSAGE_DIGEST>
              <daitss:DFID>F20081121_AABLFQ</daitss:DFID>
              <daitss:CODE>md5</daitss:CODE>
              <daitss:VALUE>34944daf51b678a8bab1012d4aadee1a</daitss:VALUE>
              <daitss:ORIGIN>ARCHIVE</daitss:ORIGIN>
            </daitss:MESSAGE_DIGEST>
            <daitss:BITSTREAM>
              <daitss:DFID>F20081121_AABLFQ</daitss:DFID>
              <daitss:BSID>F20081121_AABLFQ_0</daitss:BSID>
              <daitss:SEQUENCE>1</daitss:SEQUENCE>
              <daitss:LOCATION>0</daitss:LOCATION>
              <daitss:LOCATION_TYPE>FILE_BYTE_OFFSET</daitss:LOCATION_TYPE>
              <daitss:COMPRESSION>NOT_APPLICABLE</daitss:COMPRESSION>
              <daitss:BS_TABLE>BS_MARKUP</daitss:BS_TABLE>
              <daitss:ROLE>DOC_MAIN</daitss:ROLE>
            </daitss:BITSTREAM>
            <daitss:BS_MARKUP>
              <daitss:DFID>F20081121_AABLFQ</daitss:DFID>
              <daitss:BSID>F20081121_AABLFQ_0</daitss:BSID>
              <daitss:MARKUP_BASIS>XML</daitss:MARKUP_BASIS>
              <daitss:SCHEMA_TYPE>N/A</daitss:SCHEMA_TYPE>
              <daitss:MARKUP_LANGUAGE>http://www.w3.org/2001/XMLSchema</daitss:MARKUP_LANGUAGE>
              <daitss:VALID>N/A</daitss:VALID>
              <daitss:CHARSET>UTF-8</daitss:CHARSET>
              <daitss:CHARSET_ORIGIN>ARCHIVE</daitss:CHARSET_ORIGIN>
            </daitss:BS_MARKUP>
          </daitss:daitss>
        </mets:xmlData>
      </mets:mdWrap>
    </mets:techMD>
    <mets:techMD ID="TMD6">
      <mets:mdWrap MDTYPE="OTHER">
        <mets:xmlData>
          <daitss:daitss>
            <daitss:ADMIN>
              <daitss:OID>F20081121_AABLLI</daitss:OID>
              <daitss:INGEST_TIME>2008-11-21 22:07:52</daitss:INGEST_TIME>
              <daitss:ACCOUNT_PROJECT>1</daitss:ACCOUNT_PROJECT>
            </daitss:ADMIN>
            <daitss:DATA_FILE>
              <daitss:DFID>F20081121_AABLLI</daitss:DFID>
              <daitss:IEID>E20081121_AAAAEW</daitss:IEID>
              <daitss:CREATE_DATE>2008-11-21 22:04:26</daitss:CREATE_DATE>
              <daitss:FILE_COPY_DATE>0000-00-00 00:00:00</daitss:FILE_COPY_DATE>
              <daitss:DIP_VERSION>F20081121_AABLLI</daitss:DIP_VERSION>
              <daitss:ORIGIN>ARCHIVE</daitss:ORIGIN>
              <daitss:PACKAGE_PATH>links_20081121220345/www.loc.gov/standards/mods/v3/mods-3-3_LOC.xsd</daitss:PACKAGE_PATH>
              <daitss:FILE_TITLE>mods-3-3_LOC.xsd</daitss:FILE_TITLE>
              <daitss:FILE_EXT>xsd</daitss:FILE_EXT>
              <daitss:FORMAT>APP_XML_1_0</daitss:FORMAT>
              <daitss:CREATOR_PROG/>
              <daitss:SIZE>49236</daitss:SIZE>
              <daitss:BYTE_ORDER>N/A</daitss:BYTE_ORDER>
              <daitss:IS_ROOT>TRUE</daitss:IS_ROOT>
              <daitss:IS_GLOBAL>FALSE</daitss:IS_GLOBAL>
              <daitss:IS_OBSOLETE>FALSE</daitss:IS_OBSOLETE>
              <daitss:CAN_DELETE>FALSE</daitss:CAN_DELETE>
              <daitss:ROLE>SCHEMA</daitss:ROLE>
              <daitss:PRES_LEVEL>FULL</daitss:PRES_LEVEL>
            </daitss:DATA_FILE>
            <daitss:MESSAGE_DIGEST>
              <daitss:DFID>F20081121_AABLLI</daitss:DFID>
              <daitss:CODE>sha-1</daitss:CODE>
              <daitss:VALUE>f5f0e840751077fff13b9fd36f965acaa406bede</daitss:VALUE>
              <daitss:ORIGIN>ARCHIVE</daitss:ORIGIN>
            </daitss:MESSAGE_DIGEST>
            <daitss:MESSAGE_DIGEST>
              <daitss:DFID>F20081121_AABLLI</daitss:DFID>
              <daitss:CODE>md5</daitss:CODE>
              <daitss:VALUE>2f12e2f182be59f3fc2ca83a5b7acc90</daitss:VALUE>
              <daitss:ORIGIN>ARCHIVE</daitss:ORIGIN>
            </daitss:MESSAGE_DIGEST>
            <daitss:BITSTREAM>
              <daitss:DFID>F20081121_AABLLI</daitss:DFID>
              <daitss:BSID>F20081121_AABLLI_0</daitss:BSID>
              <daitss:SEQUENCE>1</daitss:SEQUENCE>
              <daitss:LOCATION>0</daitss:LOCATION>
              <daitss:LOCATION_TYPE>FILE_BYTE_OFFSET</daitss:LOCATION_TYPE>
              <daitss:COMPRESSION>NOT_APPLICABLE</daitss:COMPRESSION>
              <daitss:BS_TABLE>BS_MARKUP</daitss:BS_TABLE>
              <daitss:ROLE>DOC_MAIN</daitss:ROLE>
            </daitss:BITSTREAM>
            <daitss:BS_MARKUP>
              <daitss:DFID>F20081121_AABLLI</daitss:DFID>
              <daitss:BSID>F20081121_AABLLI_0</daitss:BSID>
              <daitss:MARKUP_BASIS>XML</daitss:MARKUP_BASIS>
              <daitss:SCHEMA_TYPE>N/A</daitss:SCHEMA_TYPE>
              <daitss:MARKUP_LANGUAGE>http://www.w3.org/2001/XMLSchema</daitss:MARKUP_LANGUAGE>
              <daitss:VALID>N/A</daitss:VALID>
              <daitss:CHARSET>UTF-8</daitss:CHARSET>
              <daitss:CHARSET_ORIGIN>ARCHIVE</daitss:CHARSET_ORIGIN>
            </daitss:BS_MARKUP>
          </daitss:daitss>
        </mets:xmlData>
      </mets:mdWrap>
    </mets:techMD>
    <mets:techMD ID="TMD7">
      <mets:mdWrap MDTYPE="OTHER">
        <mets:xmlData>
          <daitss:daitss>
            <daitss:ADMIN>
              <daitss:OID>F20081121_AABLFM</daitss:OID>
              <daitss:INGEST_TIME>2008-11-21 22:07:52</daitss:INGEST_TIME>
              <daitss:ACCOUNT_PROJECT>1</daitss:ACCOUNT_PROJECT>
            </daitss:ADMIN>
            <daitss:DATA_FILE>
              <daitss:DFID>F20081121_AABLFM</daitss:DFID>
              <daitss:IEID>E20081121_AAAAEW</daitss:IEID>
              <daitss:CREATE_DATE>2008-11-21 22:05:11</daitss:CREATE_DATE>
              <daitss:FILE_COPY_DATE>0000-00-00 00:00:00</daitss:FILE_COPY_DATE>
              <daitss:DIP_VERSION>F20081121_AABLFM</daitss:DIP_VERSION>
              <daitss:ORIGIN>DEPOSITOR</daitss:ORIGIN>
              <daitss:PACKAGE_PATH>FDA0666001.xml</daitss:PACKAGE_PATH>
              <daitss:FILE_TITLE>FDA0666001.xml</daitss:FILE_TITLE>
              <daitss:FILE_EXT>xml</daitss:FILE_EXT>
              <daitss:FORMAT>APP_XML_1_0</daitss:FORMAT>
              <daitss:CREATOR_PROG/>
              <daitss:SIZE>1414</daitss:SIZE>
              <daitss:BYTE_ORDER>N/A</daitss:BYTE_ORDER>
              <daitss:IS_ROOT>TRUE</daitss:IS_ROOT>
              <daitss:IS_GLOBAL>FALSE</daitss:IS_GLOBAL>
              <daitss:IS_OBSOLETE>FALSE</daitss:IS_OBSOLETE>
              <daitss:CAN_DELETE>FALSE</daitss:CAN_DELETE>
              <daitss:ROLE>DESCRIPTOR_SIP</daitss:ROLE>
              <daitss:PRES_LEVEL>FULL</daitss:PRES_LEVEL>
            </daitss:DATA_FILE>
            <daitss:DATA_FILE_FORMAT_ATTRIBUTE>
              <daitss:DFID>F20081121_AABLFM</daitss:DFID>
              <daitss:FORMAT_ATTRIBUTE>APP_XML_HAS_W3D_SCHEMA</daitss:FORMAT_ATTRIBUTE>
            </daitss:DATA_FILE_FORMAT_ATTRIBUTE>
            <daitss:MESSAGE_DIGEST>
              <daitss:DFID>F20081121_AABLFM</daitss:DFID>
              <daitss:CODE>sha-1</daitss:CODE>
              <daitss:VALUE>34bcb73f6ea7c852989b5dd108060c1bda989ddb</daitss:VALUE>
              <daitss:ORIGIN>ARCHIVE</daitss:ORIGIN>
            </daitss:MESSAGE_DIGEST>
            <daitss:MESSAGE_DIGEST>
              <daitss:DFID>F20081121_AABLFM</daitss:DFID>
              <daitss:CODE>md5</daitss:CODE>
              <daitss:VALUE>55aba159696bdbf7b4c1eca894e7c9de</daitss:VALUE>
              <daitss:ORIGIN>ARCHIVE</daitss:ORIGIN>
            </daitss:MESSAGE_DIGEST>
            <daitss:BITSTREAM>
              <daitss:DFID>F20081121_AABLFM</daitss:DFID>
              <daitss:BSID>F20081121_AABLFM_0</daitss:BSID>
              <daitss:SEQUENCE>1</daitss:SEQUENCE>
              <daitss:LOCATION>0</daitss:LOCATION>
              <daitss:LOCATION_TYPE>FILE_BYTE_OFFSET</daitss:LOCATION_TYPE>
              <daitss:COMPRESSION>NOT_APPLICABLE</daitss:COMPRESSION>
              <daitss:BS_TABLE>BS_MARKUP</daitss:BS_TABLE>
              <daitss:ROLE>DOC_MAIN</daitss:ROLE>
            </daitss:BITSTREAM>
            <daitss:BS_MARKUP>
              <daitss:DFID>F20081121_AABLFM</daitss:DFID>
              <daitss:BSID>F20081121_AABLFM_0</daitss:BSID>
              <daitss:MARKUP_BASIS>XML</daitss:MARKUP_BASIS>
              <daitss:SCHEMA_TYPE>W3C_XML_SCHEMA</daitss:SCHEMA_TYPE>
              <daitss:MARKUP_LANGUAGE>http://www.loc.gov/METS/</daitss:MARKUP_LANGUAGE>
              <daitss:VALID>TRUE</daitss:VALID>
              <daitss:CHARSET>UTF-8</daitss:CHARSET>
              <daitss:CHARSET_ORIGIN>ARCHIVE</daitss:CHARSET_ORIGIN>
            </daitss:BS_MARKUP>
          </daitss:daitss>
        </mets:xmlData>
      </mets:mdWrap>
    </mets:techMD>
    <mets:techMD ID="TMD8">
      <mets:mdWrap MDTYPE="OTHER">
        <mets:xmlData>
          <daitss:daitss>
            <daitss:ADMIN>
              <daitss:OID>F20081121_AABLLH</daitss:OID>
              <daitss:INGEST_TIME>2008-11-21 22:07:52</daitss:INGEST_TIME>
              <daitss:ACCOUNT_PROJECT>1</daitss:ACCOUNT_PROJECT>
            </daitss:ADMIN>
            <daitss:DATA_FILE>
              <daitss:DFID>F20081121_AABLLH</daitss:DFID>
              <daitss:IEID>E20081121_AAAAEW</daitss:IEID>
              <daitss:CREATE_DATE>2008-11-21 22:04:26</daitss:CREATE_DATE>
              <daitss:FILE_COPY_DATE>0000-00-00 00:00:00</daitss:FILE_COPY_DATE>
              <daitss:DIP_VERSION>F20081121_AABLLH</daitss:DIP_VERSION>
              <daitss:ORIGIN>ARCHIVE</daitss:ORIGIN>
              <daitss:PACKAGE_PATH>links_20081121220345/www.loc.gov/standards/mets/version17/mets_LOC.xsd</daitss:PACKAGE_PATH>
              <daitss:FILE_TITLE>mets_LOC.xsd</daitss:FILE_TITLE>
              <daitss:FILE_EXT>xsd</daitss:FILE_EXT>
              <daitss:FORMAT>APP_XML_1_0</daitss:FORMAT>
              <daitss:CREATOR_PROG/>
              <daitss:SIZE>79608</daitss:SIZE>
              <daitss:BYTE_ORDER>N/A</daitss:BYTE_ORDER>
              <daitss:IS_ROOT>TRUE</daitss:IS_ROOT>
              <daitss:IS_GLOBAL>FALSE</daitss:IS_GLOBAL>
              <daitss:IS_OBSOLETE>FALSE</daitss:IS_OBSOLETE>
              <daitss:CAN_DELETE>FALSE</daitss:CAN_DELETE>
              <daitss:ROLE>SCHEMA</daitss:ROLE>
              <daitss:PRES_LEVEL>FULL</daitss:PRES_LEVEL>
            </daitss:DATA_FILE>
            <daitss:MESSAGE_DIGEST>
              <daitss:DFID>F20081121_AABLLH</daitss:DFID>
              <daitss:CODE>sha-1</daitss:CODE>
              <daitss:VALUE>f82a84d0ae8114f02bf3c7fdf47db9921b6bffb3</daitss:VALUE>
              <daitss:ORIGIN>ARCHIVE</daitss:ORIGIN>
            </daitss:MESSAGE_DIGEST>
            <daitss:MESSAGE_DIGEST>
              <daitss:DFID>F20081121_AABLLH</daitss:DFID>
              <daitss:CODE>md5</daitss:CODE>
              <daitss:VALUE>cce3ad334ce2c4a035e41b8988466f26</daitss:VALUE>
              <daitss:ORIGIN>ARCHIVE</daitss:ORIGIN>
            </daitss:MESSAGE_DIGEST>
            <daitss:BITSTREAM>
              <daitss:DFID>F20081121_AABLLH</daitss:DFID>
              <daitss:BSID>F20081121_AABLLH_0</daitss:BSID>
              <daitss:SEQUENCE>1</daitss:SEQUENCE>
              <daitss:LOCATION>0</daitss:LOCATION>
              <daitss:LOCATION_TYPE>FILE_BYTE_OFFSET</daitss:LOCATION_TYPE>
              <daitss:COMPRESSION>NOT_APPLICABLE</daitss:COMPRESSION>
              <daitss:BS_TABLE>BS_MARKUP</daitss:BS_TABLE>
              <daitss:ROLE>DOC_MAIN</daitss:ROLE>
            </daitss:BITSTREAM>
            <daitss:BS_MARKUP>
              <daitss:DFID>F20081121_AABLLH</daitss:DFID>
              <daitss:BSID>F20081121_AABLLH_0</daitss:BSID>
              <daitss:MARKUP_BASIS>XML</daitss:MARKUP_BASIS>
              <daitss:SCHEMA_TYPE>N/A</daitss:SCHEMA_TYPE>
              <daitss:MARKUP_LANGUAGE>http://www.w3.org/2001/XMLSchema</daitss:MARKUP_LANGUAGE>
              <daitss:VALID>N/A</daitss:VALID>
              <daitss:CHARSET>UTF-8</daitss:CHARSET>
              <daitss:CHARSET_ORIGIN>ARCHIVE</daitss:CHARSET_ORIGIN>
            </daitss:BS_MARKUP>
          </daitss:daitss>
        </mets:xmlData>
      </mets:mdWrap>
    </mets:techMD>
  </mets:amdSec>
  <!--SIP administrative meta data-->
  <mets:amdSec ID="AMD-SIP-MD"/>
  <!--file section-->
  <mets:fileSec>
    <mets:fileGrp>
      <mets:file ADMID="TMD1" CHECKSUM="cd6244779b6f21b7000b55403d9451cf87f1bf1b" CHECKSUMTYPE="SHA-1" CREATED="2008-11-21T22:05:10" ID="FID1" MIMETYPE="image/tiff" SIZE="921972">
        <mets:FLocat LOCTYPE="URL" xlink:href="ateam.tiff"/>
      </mets:file>
    </mets:fileGrp>
    <!--file group for files not described by the sip descriptor-->
    <mets:fileGrp ID="UNDESCRIBED-FILES">
      <mets:file ADMID="TMD2" CHECKSUM="2297f7a73e2ec346850e36b6c30b6ab5fd112648" CHECKSUMTYPE="SHA-1" CREATED="2008-11-21T22:05:07" ID="FID2" MIMETYPE="application/xml" SIZE="72765">
        <mets:FLocat LOCTYPE="URL" xlink:href="AIP_20081121220459_LOC.xml"/>
      </mets:file>
      <mets:file ADMID="TMD3" CHECKSUM="2bbd0e3166734d9316247259d6aa47632a56ffb5" CHECKSUMTYPE="SHA-1" CREATED="2008-11-21T22:05:10" ID="FID3" MIMETYPE="application/xml" SIZE="79592">
        <mets:FLocat LOCTYPE="URL" xlink:href="links_20081121220345/www.loc.gov/standards/mets/version17/mets.v1-7.xsd"/>
      </mets:file>
      <mets:file ADMID="TMD4" CHECKSUM="0a108573ea86d5a02b3a6fe3f6e82f625a00ccfb" CHECKSUMTYPE="SHA-1" CREATED="2008-11-21T22:04:38" ID="FID4" MIMETYPE="application/xml" SIZE="1530">
        <mets:FLocat LOCTYPE="URL" xlink:href="FDA0666001_LOC.xml"/>
      </mets:file>
      <mets:file ADMID="TMD5" CHECKSUM="256180b9df9c46ed0f791f79bb8632572e817b4b" CHECKSUMTYPE="SHA-1" CREATED="2008-11-21T22:05:10" ID="FID5" MIMETYPE="application/xml" SIZE="46412">
        <mets:FLocat LOCTYPE="URL" xlink:href="links_20081121220345/www.loc.gov/standards/mods/v3/mods-3-3.xsd"/>
      </mets:file>
      <mets:file ADMID="TMD6" CHECKSUM="f5f0e840751077fff13b9fd36f965acaa406bede" CHECKSUMTYPE="SHA-1" CREATED="2008-11-21T22:04:26" ID="FID6" MIMETYPE="application/xml" SIZE="49236">
        <mets:FLocat LOCTYPE="URL" xlink:href="links_20081121220345/www.loc.gov/standards/mods/v3/mods-3-3_LOC.xsd"/>
      </mets:file>
      <mets:file ADMID="TMD7" CHECKSUM="34bcb73f6ea7c852989b5dd108060c1bda989ddb" CHECKSUMTYPE="SHA-1" CREATED="2008-11-21T22:05:11" ID="FID7" MIMETYPE="application/xml" SIZE="1414">
        <mets:FLocat LOCTYPE="URL" xlink:href="FDA0666001.xml"/>
      </mets:file>
      <mets:file ADMID="TMD8" CHECKSUM="f82a84d0ae8114f02bf3c7fdf47db9921b6bffb3" CHECKSUMTYPE="SHA-1" CREATED="2008-11-21T22:04:26" ID="FID8" MIMETYPE="application/xml" SIZE="79608">
        <mets:FLocat LOCTYPE="URL" xlink:href="links_20081121220345/www.loc.gov/standards/mets/version17/mets_LOC.xsd"/>
      </mets:file>
    </mets:fileGrp>
  </mets:fileSec>
  <!--structure map-->
  <mets:structMap ID="SMR0">
    <mets:div>
      <mets:fptr FILEID="FID7"/>
      <mets:fptr FILEID="FID1"/>
    </mets:div>
  </mets:structMap>
</mets:mets>
