<?xml version="1.0" encoding="UTF-8"?>

<!--AIP Descriptor--><mets:mets xmlns:mets="http://www.loc.gov/METS/" xmlns:v3="http://www.loc.gov/mods/v3" xmlns:daitss="http://www.fcla.edu/dls/md/daitss/" xmlns:xlink="http://www.w3.org/1999/xlink" xmlns:xsi="http://www.w3.org/2001/XMLSchema-instance" xsi:schemaLocation="http://purl.org/dc/elements/1.1/ ../E20081121_AAAAEX/links_20081121220345/dublincore.org/schemas/xmls/simpledc20021212_LOC.xsd http://www.fcla.edu/dls/md/daitss/ ../E20081121_AAAAEX/links_20081121220345/www.fcla.edu/dls/md/daitss/daitss_LOC.xsd http://www.fcla.edu/dls/md/techmd/ ../E20081121_AAAAEX/links_20081121220345/www.fcla.edu/dls/md/techmd_LOC.xsd http://www.loc.gov/METS/ ../E20081121_AAAAEX/links_20081121220345/www.loc.gov/standards/mets/version14/mets_LOC.xsd http://www.fcla.edu/dls/md/rightsmd/ ../E20081121_AAAAEX/links_20081121220345/www.fcla.edu/dls/md/rightsmd_LOC.xsd http://www.loc.gov/mods/v3 links_20081121220345/www.loc.gov/standards/mods/v3/mods-3-3_LOC.xsd http://www.fcla.edu/dls/md/palmm/ ../E20081121_AAAAEX/links_20081121220345/www.fcla.edu/dls/md/palmm_LOC.xsd">
  
<!--mets header-->
  <mets:metsHdr CREATEDATE="2008-11-21T22:04:59Z">
    <mets:agent OTHERTYPE="SOFTWARE" ROLE="CREATOR" TYPE="OTHER">
      <mets:name>FDA</mets:name>
    </mets:agent>
  </mets:metsHdr>
  
<!--descriptive meta data from the SIP descriptor-->
  <mets:dmdSec ID="DMD1">
    <mets:mdWrap MDTYPE="MODS">
      <mets:xmlData>
        <v3:mods>
          <v3:titleInfo>
            <v3:title>The fdA Team</v3:title>
          </v3:titleInfo>
        </v3:mods>
      </mets:xmlData>
    </mets:mdWrap>
  </mets:dmdSec>
  
<!--AIP administrative meta data concerning daitss-->
  <mets:amdSec ID="AMD-AIP-CORE">
    
<!--Relationships-->
    <mets:techMD ID="TMD-CORE-RELATIONSHIPS">
      <mets:mdWrap MDTYPE="OTHER" OTHERMDTYPE="DAITSS">
        <mets:xmlData>
          <daitss:daitss>
            <daitss:RELATIONSHIP>
              <daitss:DFID_1>F20081121_AABLFN</daitss:DFID_1>
              <daitss:REL_TYPE>CHILD_OF</daitss:REL_TYPE>
              <daitss:DFID_2>F20081121_AABLFM</daitss:DFID_2>
            </daitss:RELATIONSHIP>
            <daitss:RELATIONSHIP>
              <daitss:DFID_1>F20081121_AABLFQ</daitss:DFID_1>
              <daitss:REL_TYPE>CHILD_OF</daitss:REL_TYPE>
              <daitss:DFID_2>F20081121_AABLFM</daitss:DFID_2>
            </daitss:RELATIONSHIP>
            <daitss:RELATIONSHIP>
              <daitss:DFID_1>F20081121_AABLFL</daitss:DFID_1>
              <daitss:REL_TYPE>CHILD_OF</daitss:REL_TYPE>
              <daitss:DFID_2>F20081121_AABLFM</daitss:DFID_2>
            </daitss:RELATIONSHIP>
            <daitss:RELATIONSHIP>
              <daitss:DFID_1>F20081121_AABLFN</daitss:DFID_1>
              <daitss:REL_TYPE>LOCALIZED_TO</daitss:REL_TYPE>
              <daitss:DFID_2>F20081121_AABLLH</daitss:DFID_2>
              <daitss:EVENT_ID>49778</daitss:EVENT_ID>
            </daitss:RELATIONSHIP>
            <daitss:RELATIONSHIP>
              <daitss:DFID_1>F20081121_AABLFQ</daitss:DFID_1>
              <daitss:REL_TYPE>LOCALIZED_TO</daitss:REL_TYPE>
              <daitss:DFID_2>F20081121_AABLLI</daitss:DFID_2>
              <daitss:EVENT_ID>49779</daitss:EVENT_ID>
            </daitss:RELATIONSHIP>
            <daitss:RELATIONSHIP>
              <daitss:DFID_1>F20081121_AABLLH</daitss:DFID_1>
              <daitss:REL_TYPE>CHILD_OF</daitss:REL_TYPE>
              <daitss:DFID_2>F20081121_AABLQT</daitss:DFID_2>
            </daitss:RELATIONSHIP>
            <daitss:RELATIONSHIP>
              <daitss:DFID_1>F20081121_AABLLI</daitss:DFID_1>
              <daitss:REL_TYPE>CHILD_OF</daitss:REL_TYPE>
              <daitss:DFID_2>F20081121_AABLQT</daitss:DFID_2>
            </daitss:RELATIONSHIP>
            <daitss:RELATIONSHIP>
              <daitss:DFID_1>F20081121_AABLFL</daitss:DFID_1>
              <daitss:REL_TYPE>CHILD_OF</daitss:REL_TYPE>
              <daitss:DFID_2>F20081121_AABLQT</daitss:DFID_2>
            </daitss:RELATIONSHIP>
            <daitss:RELATIONSHIP>
              <daitss:DFID_1>F20081121_AABLFM</daitss:DFID_1>
              <daitss:REL_TYPE>LOCALIZED_TO</daitss:REL_TYPE>
              <daitss:DFID_2>F20081121_AABLQT</daitss:DFID_2>
              <daitss:EVENT_ID>49850</daitss:EVENT_ID>
            </daitss:RELATIONSHIP>
          </daitss:daitss>
        </mets:xmlData>
      </mets:mdWrap>
    </mets:techMD>
    
<!--Global Files-->
    <mets:techMD ID="TMD-CORE-GLOBALFIES">
      <mets:mdWrap MDTYPE="OTHER" OTHERMDTYPE="DAITSS">
        <mets:xmlData>
          <daitss:daitss>
            <daitss:INT_ENTITY_GLOBAL_FILE>
              <daitss:IEID>E20081121_AAAAEW</daitss:IEID>
              <daitss:DFID>F20081121_AABLQW</daitss:DFID>
            </daitss:INT_ENTITY_GLOBAL_FILE>
            <daitss:INT_ENTITY_GLOBAL_FILE>
              <daitss:IEID>E20081121_AAAAEW</daitss:IEID>
              <daitss:DFID>F20081121_AABLIE</daitss:DFID>
            </daitss:INT_ENTITY_GLOBAL_FILE>
            <daitss:INT_ENTITY_GLOBAL_FILE>
              <daitss:IEID>E20081121_AAAAEW</daitss:IEID>
              <daitss:DFID>F20081121_AABLJK</daitss:DFID>
            </daitss:INT_ENTITY_GLOBAL_FILE>
            <daitss:INT_ENTITY_GLOBAL_FILE>
              <daitss:IEID>E20081121_AAAAEW</daitss:IEID>
              <daitss:DFID>F20081121_AABLLY</daitss:DFID>
            </daitss:INT_ENTITY_GLOBAL_FILE>
            <daitss:INT_ENTITY_GLOBAL_FILE>
              <daitss:IEID>E20081121_AAAAEW</daitss:IEID>
              <daitss:DFID>F20081121_AABLHY</daitss:DFID>
            </daitss:INT_ENTITY_GLOBAL_FILE>
            <daitss:INT_ENTITY_GLOBAL_FILE>
              <daitss:IEID>E20081121_AAAAEW</daitss:IEID>
              <daitss:DFID>F20081121_AABLOO</daitss:DFID>
            </daitss:INT_ENTITY_GLOBAL_FILE>
            <daitss:INT_ENTITY_GLOBAL_FILE>
              <daitss:IEID>E20081121_AAAAEW</daitss:IEID>
              <daitss:DFID>F20081121_AABLRG</daitss:DFID>
            </daitss:INT_ENTITY_GLOBAL_FILE>
            <daitss:INT_ENTITY_GLOBAL_FILE>
              <daitss:IEID>E20081121_AAAAEW</daitss:IEID>
              <daitss:DFID>F20081121_AABLJE</daitss:DFID>
            </daitss:INT_ENTITY_GLOBAL_FILE>
            <daitss:INT_ENTITY_GLOBAL_FILE>
              <daitss:IEID>E20081121_AAAAEW</daitss:IEID>
              <daitss:DFID>F20081121_AABLOS</daitss:DFID>
            </daitss:INT_ENTITY_GLOBAL_FILE>
            <daitss:INT_ENTITY_GLOBAL_FILE>
              <daitss:IEID>E20081121_AAAAEW</daitss:IEID>
              <daitss:DFID>F20081121_AABLRC</daitss:DFID>
            </daitss:INT_ENTITY_GLOBAL_FILE>
            <daitss:INT_ENTITY_GLOBAL_FILE>
              <daitss:IEID>E20081121_AAAAEW</daitss:IEID>
              <daitss:DFID>F20081121_AABLPW</daitss:DFID>
            </daitss:INT_ENTITY_GLOBAL_FILE>
            <daitss:INT_ENTITY_GLOBAL_FILE>
              <daitss:IEID>E20081121_AAAAEW</daitss:IEID>
              <daitss:DFID>F20081121_AABLNO</daitss:DFID>
            </daitss:INT_ENTITY_GLOBAL_FILE>
            <daitss:INT_ENTITY_GLOBAL_FILE>
              <daitss:IEID>E20081121_AAAAEW</daitss:IEID>
              <daitss:DFID>F20081121_AABLMW</daitss:DFID>
            </daitss:INT_ENTITY_GLOBAL_FILE>
            <daitss:INT_ENTITY_GLOBAL_FILE>
              <daitss:IEID>E20081121_AAAAEW</daitss:IEID>
              <daitss:DFID>F20081121_AABLQS</daitss:DFID>
            </daitss:INT_ENTITY_GLOBAL_FILE>
            <daitss:INT_ENTITY_GLOBAL_FILE>
              <daitss:IEID>E20081121_AAAAEW</daitss:IEID>
              <daitss:DFID>F20081121_AABLOE</daitss:DFID>
            </daitss:INT_ENTITY_GLOBAL_FILE>
            <daitss:INT_ENTITY_GLOBAL_FILE>
              <daitss:IEID>E20081121_AAAAEW</daitss:IEID>
              <daitss:DFID>F20081121_AABLIU</daitss:DFID>
            </daitss:INT_ENTITY_GLOBAL_FILE>
            <daitss:INT_ENTITY_GLOBAL_FILE>
              <daitss:IEID>E20081121_AAAAEW</daitss:IEID>
              <daitss:DFID>F20081121_AABLMC</daitss:DFID>
            </daitss:INT_ENTITY_GLOBAL_FILE>
            <daitss:INT_ENTITY_GLOBAL_FILE>
              <daitss:IEID>E20081121_AAAAEW</daitss:IEID>
              <daitss:DFID>F20081121_AABLLG</daitss:DFID>
            </daitss:INT_ENTITY_GLOBAL_FILE>
            <daitss:INT_ENTITY_GLOBAL_FILE>
              <daitss:IEID>E20081121_AAAAEW</daitss:IEID>
              <daitss:DFID>F20081121_AABLQQ</daitss:DFID>
            </daitss:INT_ENTITY_GLOBAL_FILE>
            <daitss:INT_ENTITY_GLOBAL_FILE>
              <daitss:IEID>E20081121_AAAAEW</daitss:IEID>
              <daitss:DFID>F20081121_AABLPI</daitss:DFID>
            </daitss:INT_ENTITY_GLOBAL_FILE>
            <daitss:INT_ENTITY_GLOBAL_FILE>
              <daitss:IEID>E20081121_AAAAEW</daitss:IEID>
              <daitss:DFID>F20081121_AABLKM</daitss:DFID>
            </daitss:INT_ENTITY_GLOBAL_FILE>
            <daitss:INT_ENTITY_GLOBAL_FILE>
              <daitss:IEID>E20081121_AAAAEW</daitss:IEID>
              <daitss:DFID>F20081121_AABLGG</daitss:DFID>
            </daitss:INT_ENTITY_GLOBAL_FILE>
            <daitss:INT_ENTITY_GLOBAL_FILE>
              <daitss:IEID>E20081121_AAAAEW</daitss:IEID>
              <daitss:DFID>F20081121_AABLQO</daitss:DFID>
            </daitss:INT_ENTITY_GLOBAL_FILE>
            <daitss:INT_ENTITY_GLOBAL_FILE>
              <daitss:IEID>E20081121_AAAAEW</daitss:IEID>
              <daitss:DFID>F20081121_AABLHK</daitss:DFID>
            </daitss:INT_ENTITY_GLOBAL_FILE>
            <daitss:INT_ENTITY_GLOBAL_FILE>
              <daitss:IEID>E20081121_AAAAEW</daitss:IEID>
              <daitss:DFID>F20081121_AABLPQ</daitss:DFID>
            </daitss:INT_ENTITY_GLOBAL_FILE>
            <daitss:INT_ENTITY_GLOBAL_FILE>
              <daitss:IEID>E20081121_AAAAEW</daitss:IEID>
              <daitss:DFID>F20081121_AABLIY</daitss:DFID>
            </daitss:INT_ENTITY_GLOBAL_FILE>
            <daitss:INT_ENTITY_GLOBAL_FILE>
              <daitss:IEID>E20081121_AAAAEW</daitss:IEID>
              <daitss:DFID>F20081121_AABLJA</daitss:DFID>
            </daitss:INT_ENTITY_GLOBAL_FILE>
            <daitss:INT_ENTITY_GLOBAL_FILE>
              <daitss:IEID>E20081121_AAAAEW</daitss:IEID>
              <daitss:DFID>F20081121_AABLQG</daitss:DFID>
            </daitss:INT_ENTITY_GLOBAL_FILE>
            <daitss:INT_ENTITY_GLOBAL_FILE>
              <daitss:IEID>E20081121_AAAAEW</daitss:IEID>
              <daitss:DFID>F20081121_AABLJI</daitss:DFID>
            </daitss:INT_ENTITY_GLOBAL_FILE>
            <daitss:INT_ENTITY_GLOBAL_FILE>
              <daitss:IEID>E20081121_AAAAEW</daitss:IEID>
              <daitss:DFID>F20081121_AABLGO</daitss:DFID>
            </daitss:INT_ENTITY_GLOBAL_FILE>
            <daitss:INT_ENTITY_GLOBAL_FILE>
              <daitss:IEID>E20081121_AAAAEW</daitss:IEID>
              <daitss:DFID>F20081121_AABLMK</daitss:DFID>
            </daitss:INT_ENTITY_GLOBAL_FILE>
            <daitss:INT_ENTITY_GLOBAL_FILE>
              <daitss:IEID>E20081121_AAAAEW</daitss:IEID>
              <daitss:DFID>F20081121_AABLJU</daitss:DFID>
            </daitss:INT_ENTITY_GLOBAL_FILE>
            <daitss:INT_ENTITY_GLOBAL_FILE>
              <daitss:IEID>E20081121_AAAAEW</daitss:IEID>
              <daitss:DFID>F20081121_AABLRS</daitss:DFID>
            </daitss:INT_ENTITY_GLOBAL_FILE>
            <daitss:INT_ENTITY_GLOBAL_FILE>
              <daitss:IEID>E20081121_AAAAEW</daitss:IEID>
              <daitss:DFID>F20081121_AABLOG</daitss:DFID>
            </daitss:INT_ENTITY_GLOBAL_FILE>
            <daitss:INT_ENTITY_GLOBAL_FILE>
              <daitss:IEID>E20081121_AAAAEW</daitss:IEID>
              <daitss:DFID>F20081121_AABLHW</daitss:DFID>
            </daitss:INT_ENTITY_GLOBAL_FILE>
            <daitss:INT_ENTITY_GLOBAL_FILE>
              <daitss:IEID>E20081121_AAAAEW</daitss:IEID>
              <daitss:DFID>F20081121_AABLRE</daitss:DFID>
            </daitss:INT_ENTITY_GLOBAL_FILE>
            <daitss:INT_ENTITY_GLOBAL_FILE>
              <daitss:IEID>E20081121_AAAAEW</daitss:IEID>
              <daitss:DFID>F20081121_AABLHS</daitss:DFID>
            </daitss:INT_ENTITY_GLOBAL_FILE>
            <daitss:INT_ENTITY_GLOBAL_FILE>
              <daitss:IEID>E20081121_AAAAEW</daitss:IEID>
              <daitss:DFID>F20081121_AABLGE</daitss:DFID>
            </daitss:INT_ENTITY_GLOBAL_FILE>
            <daitss:INT_ENTITY_GLOBAL_FILE>
              <daitss:IEID>E20081121_AAAAEW</daitss:IEID>
              <daitss:DFID>F20081121_AABLRU</daitss:DFID>
            </daitss:INT_ENTITY_GLOBAL_FILE>
            <daitss:INT_ENTITY_GLOBAL_FILE>
              <daitss:IEID>E20081121_AAAAEW</daitss:IEID>
              <daitss:DFID>F20081121_AABLNM</daitss:DFID>
            </daitss:INT_ENTITY_GLOBAL_FILE>
            <daitss:INT_ENTITY_GLOBAL_FILE>
              <daitss:IEID>E20081121_AAAAEW</daitss:IEID>
              <daitss:DFID>F20081121_AABLQC</daitss:DFID>
            </daitss:INT_ENTITY_GLOBAL_FILE>
            <daitss:INT_ENTITY_GLOBAL_FILE>
              <daitss:IEID>E20081121_AAAAEW</daitss:IEID>
              <daitss:DFID>F20081121_AABLPA</daitss:DFID>
            </daitss:INT_ENTITY_GLOBAL_FILE>
            <daitss:INT_ENTITY_GLOBAL_FILE>
              <daitss:IEID>E20081121_AAAAEW</daitss:IEID>
              <daitss:DFID>F20081121_AABLKS</daitss:DFID>
            </daitss:INT_ENTITY_GLOBAL_FILE>
            <daitss:INT_ENTITY_GLOBAL_FILE>
              <daitss:IEID>E20081121_AAAAEW</daitss:IEID>
              <daitss:DFID>F20081121_AABLMA</daitss:DFID>
            </daitss:INT_ENTITY_GLOBAL_FILE>
            <daitss:INT_ENTITY_GLOBAL_FILE>
              <daitss:IEID>E20081121_AAAAEW</daitss:IEID>
              <daitss:DFID>F20081121_AABLLO</daitss:DFID>
            </daitss:INT_ENTITY_GLOBAL_FILE>
            <daitss:INT_ENTITY_GLOBAL_FILE>
              <daitss:IEID>E20081121_AAAAEW</daitss:IEID>
              <daitss:DFID>F20081121_AABLOQ</daitss:DFID>
            </daitss:INT_ENTITY_GLOBAL_FILE>
            <daitss:INT_ENTITY_GLOBAL_FILE>
              <daitss:IEID>E20081121_AAAAEW</daitss:IEID>
              <daitss:DFID>F20081121_AABLFS</daitss:DFID>
            </daitss:INT_ENTITY_GLOBAL_FILE>
            <daitss:INT_ENTITY_GLOBAL_FILE>
              <daitss:IEID>E20081121_AAAAEW</daitss:IEID>
              <daitss:DFID>F20081121_AABLJW</daitss:DFID>
            </daitss:INT_ENTITY_GLOBAL_FILE>
            <daitss:INT_ENTITY_GLOBAL_FILE>
              <daitss:IEID>E20081121_AAAAEW</daitss:IEID>
              <daitss:DFID>F20081121_AABLKA</daitss:DFID>
            </daitss:INT_ENTITY_GLOBAL_FILE>
            <daitss:INT_ENTITY_GLOBAL_FILE>
              <daitss:IEID>E20081121_AAAAEW</daitss:IEID>
              <daitss:DFID>F20081121_AABLRO</daitss:DFID>
            </daitss:INT_ENTITY_GLOBAL_FILE>
            <daitss:INT_ENTITY_GLOBAL_FILE>
              <daitss:IEID>E20081121_AAAAEW</daitss:IEID>
              <daitss:DFID>F20081121_AABLNK</daitss:DFID>
            </daitss:INT_ENTITY_GLOBAL_FILE>
            <daitss:INT_ENTITY_GLOBAL_FILE>
              <daitss:IEID>E20081121_AAAAEW</daitss:IEID>
              <daitss:DFID>F20081121_AABLJO</daitss:DFID>
            </daitss:INT_ENTITY_GLOBAL_FILE>
            <daitss:INT_ENTITY_GLOBAL_FILE>
              <daitss:IEID>E20081121_AAAAEW</daitss:IEID>
              <daitss:DFID>F20081121_AABLMO</daitss:DFID>
            </daitss:INT_ENTITY_GLOBAL_FILE>
            <daitss:INT_ENTITY_GLOBAL_FILE>
              <daitss:IEID>E20081121_AAAAEW</daitss:IEID>
              <daitss:DFID>F20081121_AABLIS</daitss:DFID>
            </daitss:INT_ENTITY_GLOBAL_FILE>
            <daitss:INT_ENTITY_GLOBAL_FILE>
              <daitss:IEID>E20081121_AAAAEW</daitss:IEID>
              <daitss:DFID>F20081121_AABLMU</daitss:DFID>
            </daitss:INT_ENTITY_GLOBAL_FILE>
            <daitss:INT_ENTITY_GLOBAL_FILE>
              <daitss:IEID>E20081121_AAAAEW</daitss:IEID>
              <daitss:DFID>F20081121_AABLQM</daitss:DFID>
            </daitss:INT_ENTITY_GLOBAL_FILE>
            <daitss:INT_ENTITY_GLOBAL_FILE>
              <daitss:IEID>E20081121_AAAAEW</daitss:IEID>
              <daitss:DFID>F20081121_AABLKE</daitss:DFID>
            </daitss:INT_ENTITY_GLOBAL_FILE>
            <daitss:INT_ENTITY_GLOBAL_FILE>
              <daitss:IEID>E20081121_AAAAEW</daitss:IEID>
              <daitss:DFID>F20081121_AABLGS</daitss:DFID>
            </daitss:INT_ENTITY_GLOBAL_FILE>
            <daitss:INT_ENTITY_GLOBAL_FILE>
              <daitss:IEID>E20081121_AAAAEW</daitss:IEID>
              <daitss:DFID>F20081121_AABLOC</daitss:DFID>
            </daitss:INT_ENTITY_GLOBAL_FILE>
            <daitss:INT_ENTITY_GLOBAL_FILE>
              <daitss:IEID>E20081121_AAAAEW</daitss:IEID>
              <daitss:DFID>F20081121_AABLIC</daitss:DFID>
            </daitss:INT_ENTITY_GLOBAL_FILE>
            <daitss:INT_ENTITY_GLOBAL_FILE>
              <daitss:IEID>E20081121_AAAAEW</daitss:IEID>
              <daitss:DFID>F20081121_AABLOM</daitss:DFID>
            </daitss:INT_ENTITY_GLOBAL_FILE>
            <daitss:INT_ENTITY_GLOBAL_FILE>
              <daitss:IEID>E20081121_AAAAEW</daitss:IEID>
              <daitss:DFID>F20081121_AABLIO</daitss:DFID>
            </daitss:INT_ENTITY_GLOBAL_FILE>
            <daitss:INT_ENTITY_GLOBAL_FILE>
              <daitss:IEID>E20081121_AAAAEW</daitss:IEID>
              <daitss:DFID>F20081121_AABLKK</daitss:DFID>
            </daitss:INT_ENTITY_GLOBAL_FILE>
            <daitss:INT_ENTITY_GLOBAL_FILE>
              <daitss:IEID>E20081121_AAAAEW</daitss:IEID>
              <daitss:DFID>F20081121_AABLNE</daitss:DFID>
            </daitss:INT_ENTITY_GLOBAL_FILE>
            <daitss:INT_ENTITY_GLOBAL_FILE>
              <daitss:IEID>E20081121_AAAAEW</daitss:IEID>
              <daitss:DFID>F20081121_AABLIM</daitss:DFID>
            </daitss:INT_ENTITY_GLOBAL_FILE>
            <daitss:INT_ENTITY_GLOBAL_FILE>
              <daitss:IEID>E20081121_AAAAEW</daitss:IEID>
              <daitss:DFID>F20081121_AABLGK</daitss:DFID>
            </daitss:INT_ENTITY_GLOBAL_FILE>
            <daitss:INT_ENTITY_GLOBAL_FILE>
              <daitss:IEID>E20081121_AAAAEW</daitss:IEID>
              <daitss:DFID>F20081121_AABLMI</daitss:DFID>
            </daitss:INT_ENTITY_GLOBAL_FILE>
            <daitss:INT_ENTITY_GLOBAL_FILE>
              <daitss:IEID>E20081121_AAAAEW</daitss:IEID>
              <daitss:DFID>F20081121_AABLFP</daitss:DFID>
            </daitss:INT_ENTITY_GLOBAL_FILE>
            <daitss:INT_ENTITY_GLOBAL_FILE>
              <daitss:IEID>E20081121_AAAAEW</daitss:IEID>
              <daitss:DFID>F20081121_AABLIK</daitss:DFID>
            </daitss:INT_ENTITY_GLOBAL_FILE>
            <daitss:INT_ENTITY_GLOBAL_FILE>
              <daitss:IEID>E20081121_AAAAEW</daitss:IEID>
              <daitss:DFID>F20081121_AABLGQ</daitss:DFID>
            </daitss:INT_ENTITY_GLOBAL_FILE>
            <daitss:INT_ENTITY_GLOBAL_FILE>
              <daitss:IEID>E20081121_AAAAEW</daitss:IEID>
              <daitss:DFID>F20081121_AABLNS</daitss:DFID>
            </daitss:INT_ENTITY_GLOBAL_FILE>
            <daitss:INT_ENTITY_GLOBAL_FILE>
              <daitss:IEID>E20081121_AAAAEW</daitss:IEID>
              <daitss:DFID>F20081121_AABLPM</daitss:DFID>
            </daitss:INT_ENTITY_GLOBAL_FILE>
            <daitss:INT_ENTITY_GLOBAL_FILE>
              <daitss:IEID>E20081121_AAAAEW</daitss:IEID>
              <daitss:DFID>F20081121_AABLLC</daitss:DFID>
            </daitss:INT_ENTITY_GLOBAL_FILE>
            <daitss:INT_ENTITY_GLOBAL_FILE>
              <daitss:IEID>E20081121_AAAAEW</daitss:IEID>
              <daitss:DFID>F20081121_AABLGU</daitss:DFID>
            </daitss:INT_ENTITY_GLOBAL_FILE>
            <daitss:INT_ENTITY_GLOBAL_FILE>
              <daitss:IEID>E20081121_AAAAEW</daitss:IEID>
              <daitss:DFID>F20081121_AABLIQ</daitss:DFID>
            </daitss:INT_ENTITY_GLOBAL_FILE>
            <daitss:INT_ENTITY_GLOBAL_FILE>
              <daitss:IEID>E20081121_AAAAEW</daitss:IEID>
              <daitss:DFID>F20081121_AABLKQ</daitss:DFID>
            </daitss:INT_ENTITY_GLOBAL_FILE>
            <daitss:INT_ENTITY_GLOBAL_FILE>
              <daitss:IEID>E20081121_AAAAEW</daitss:IEID>
              <daitss:DFID>F20081121_AABLJG</daitss:DFID>
            </daitss:INT_ENTITY_GLOBAL_FILE>
            <daitss:INT_ENTITY_GLOBAL_FILE>
              <daitss:IEID>E20081121_AAAAEW</daitss:IEID>
              <daitss:DFID>F20081121_AABLFW</daitss:DFID>
            </daitss:INT_ENTITY_GLOBAL_FILE>
            <daitss:INT_ENTITY_GLOBAL_FILE>
              <daitss:IEID>E20081121_AAAAEW</daitss:IEID>
              <daitss:DFID>F20081121_AABLGI</daitss:DFID>
            </daitss:INT_ENTITY_GLOBAL_FILE>
            <daitss:INT_ENTITY_GLOBAL_FILE>
              <daitss:IEID>E20081121_AAAAEW</daitss:IEID>
              <daitss:DFID>F20081121_AABLJY</daitss:DFID>
            </daitss:INT_ENTITY_GLOBAL_FILE>
            <daitss:INT_ENTITY_GLOBAL_FILE>
              <daitss:IEID>E20081121_AAAAEW</daitss:IEID>
              <daitss:DFID>F20081121_AABLQI</daitss:DFID>
            </daitss:INT_ENTITY_GLOBAL_FILE>
            <daitss:INT_ENTITY_GLOBAL_FILE>
              <daitss:IEID>E20081121_AAAAEW</daitss:IEID>
              <daitss:DFID>F20081121_AABLQK</daitss:DFID>
            </daitss:INT_ENTITY_GLOBAL_FILE>
            <daitss:INT_ENTITY_GLOBAL_FILE>
              <daitss:IEID>E20081121_AAAAEW</daitss:IEID>
              <daitss:DFID>F20081121_AABLGC</daitss:DFID>
            </daitss:INT_ENTITY_GLOBAL_FILE>
            <daitss:INT_ENTITY_GLOBAL_FILE>
              <daitss:IEID>E20081121_AAAAEW</daitss:IEID>
              <daitss:DFID>F20081121_AABLGM</daitss:DFID>
            </daitss:INT_ENTITY_GLOBAL_FILE>
            <daitss:INT_ENTITY_GLOBAL_FILE>
              <daitss:IEID>E20081121_AAAAEW</daitss:IEID>
              <daitss:DFID>F20081121_AABLGW</daitss:DFID>
            </daitss:INT_ENTITY_GLOBAL_FILE>
            <daitss:INT_ENTITY_GLOBAL_FILE>
              <daitss:IEID>E20081121_AAAAEW</daitss:IEID>
              <daitss:DFID>F20081121_AABLRW</daitss:DFID>
            </daitss:INT_ENTITY_GLOBAL_FILE>
            <daitss:INT_ENTITY_GLOBAL_FILE>
              <daitss:IEID>E20081121_AAAAEW</daitss:IEID>
              <daitss:DFID>F20081121_AABLQE</daitss:DFID>
            </daitss:INT_ENTITY_GLOBAL_FILE>
            <daitss:INT_ENTITY_GLOBAL_FILE>
              <daitss:IEID>E20081121_AAAAEW</daitss:IEID>
              <daitss:DFID>F20081121_AABLIG</daitss:DFID>
            </daitss:INT_ENTITY_GLOBAL_FILE>
            <daitss:INT_ENTITY_GLOBAL_FILE>
              <daitss:IEID>E20081121_AAAAEW</daitss:IEID>
              <daitss:DFID>F20081121_AABLMY</daitss:DFID>
            </daitss:INT_ENTITY_GLOBAL_FILE>
            <daitss:INT_ENTITY_GLOBAL_FILE>
              <daitss:IEID>E20081121_AAAAEW</daitss:IEID>
              <daitss:DFID>F20081121_AABLNC</daitss:DFID>
            </daitss:INT_ENTITY_GLOBAL_FILE>
            <daitss:INT_ENTITY_GLOBAL_FILE>
              <daitss:IEID>E20081121_AAAAEW</daitss:IEID>
              <daitss:DFID>F20081121_AABLPO</daitss:DFID>
            </daitss:INT_ENTITY_GLOBAL_FILE>
            <daitss:INT_ENTITY_GLOBAL_FILE>
              <daitss:IEID>E20081121_AAAAEW</daitss:IEID>
              <daitss:DFID>F20081121_AABLMG</daitss:DFID>
            </daitss:INT_ENTITY_GLOBAL_FILE>
            <daitss:INT_ENTITY_GLOBAL_FILE>
              <daitss:IEID>E20081121_AAAAEW</daitss:IEID>
              <daitss:DFID>F20081121_AABLFY</daitss:DFID>
            </daitss:INT_ENTITY_GLOBAL_FILE>
            <daitss:INT_ENTITY_GLOBAL_FILE>
              <daitss:IEID>E20081121_AAAAEW</daitss:IEID>
              <daitss:DFID>F20081121_AABLIW</daitss:DFID>
            </daitss:INT_ENTITY_GLOBAL_FILE>
            <daitss:INT_ENTITY_GLOBAL_FILE>
              <daitss:IEID>E20081121_AAAAEW</daitss:IEID>
              <daitss:DFID>F20081121_AABLHM</daitss:DFID>
            </daitss:INT_ENTITY_GLOBAL_FILE>
            <daitss:INT_ENTITY_GLOBAL_FILE>
              <daitss:IEID>E20081121_AAAAEW</daitss:IEID>
              <daitss:DFID>F20081121_AABLKW</daitss:DFID>
            </daitss:INT_ENTITY_GLOBAL_FILE>
            <daitss:INT_ENTITY_GLOBAL_FILE>
              <daitss:IEID>E20081121_AAAAEW</daitss:IEID>
              <daitss:DFID>F20081121_AABLNU</daitss:DFID>
            </daitss:INT_ENTITY_GLOBAL_FILE>
            <daitss:INT_ENTITY_GLOBAL_FILE>
              <daitss:IEID>E20081121_AAAAEW</daitss:IEID>
              <daitss:DFID>F20081121_AABLLQ</daitss:DFID>
            </daitss:INT_ENTITY_GLOBAL_FILE>
            <daitss:INT_ENTITY_GLOBAL_FILE>
              <daitss:IEID>E20081121_AAAAEW</daitss:IEID>
              <daitss:DFID>F20081121_AABLNW</daitss:DFID>
            </daitss:INT_ENTITY_GLOBAL_FILE>
            <daitss:INT_ENTITY_GLOBAL_FILE>
              <daitss:IEID>E20081121_AAAAEW</daitss:IEID>
              <daitss:DFID>F20081121_AABLOW</daitss:DFID>
            </daitss:INT_ENTITY_GLOBAL_FILE>
            <daitss:INT_ENTITY_GLOBAL_FILE>
              <daitss:IEID>E20081121_AAAAEW</daitss:IEID>
              <daitss:DFID>F20081121_AABLJC</daitss:DFID>
            </daitss:INT_ENTITY_GLOBAL_FILE>
            <daitss:INT_ENTITY_GLOBAL_FILE>
              <daitss:IEID>E20081121_AAAAEW</daitss:IEID>
              <daitss:DFID>F20081121_AABLKY</daitss:DFID>
            </daitss:INT_ENTITY_GLOBAL_FILE>
            <daitss:INT_ENTITY_GLOBAL_FILE>
              <daitss:IEID>E20081121_AAAAEW</daitss:IEID>
              <daitss:DFID>F20081121_AABLRY</daitss:DFID>
            </daitss:INT_ENTITY_GLOBAL_FILE>
            <daitss:INT_ENTITY_GLOBAL_FILE>
              <daitss:IEID>E20081121_AAAAEW</daitss:IEID>
              <daitss:DFID>F20081121_AABLPY</daitss:DFID>
            </daitss:INT_ENTITY_GLOBAL_FILE>
            <daitss:INT_ENTITY_GLOBAL_FILE>
              <daitss:IEID>E20081121_AAAAEW</daitss:IEID>
              <daitss:DFID>F20081121_AABLOK</daitss:DFID>
            </daitss:INT_ENTITY_GLOBAL_FILE>
            <daitss:INT_ENTITY_GLOBAL_FILE>
              <daitss:IEID>E20081121_AAAAEW</daitss:IEID>
              <daitss:DFID>F20081121_AABLRK</daitss:DFID>
            </daitss:INT_ENTITY_GLOBAL_FILE>
            <daitss:INT_ENTITY_GLOBAL_FILE>
              <daitss:IEID>E20081121_AAAAEW</daitss:IEID>
              <daitss:DFID>F20081121_AABLOI</daitss:DFID>
            </daitss:INT_ENTITY_GLOBAL_FILE>
            <daitss:INT_ENTITY_GLOBAL_FILE>
              <daitss:IEID>E20081121_AAAAEW</daitss:IEID>
              <daitss:DFID>F20081121_AABLOA</daitss:DFID>
            </daitss:INT_ENTITY_GLOBAL_FILE>
            <daitss:INT_ENTITY_GLOBAL_FILE>
              <daitss:IEID>E20081121_AAAAEW</daitss:IEID>
              <daitss:DFID>F20081121_AABLME</daitss:DFID>
            </daitss:INT_ENTITY_GLOBAL_FILE>
            <daitss:INT_ENTITY_GLOBAL_FILE>
              <daitss:IEID>E20081121_AAAAEW</daitss:IEID>
              <daitss:DFID>F20081121_AABLJM</daitss:DFID>
            </daitss:INT_ENTITY_GLOBAL_FILE>
            <daitss:INT_ENTITY_GLOBAL_FILE>
              <daitss:IEID>E20081121_AAAAEW</daitss:IEID>
              <daitss:DFID>F20081121_AABLPE</daitss:DFID>
            </daitss:INT_ENTITY_GLOBAL_FILE>
            <daitss:INT_ENTITY_GLOBAL_FILE>
              <daitss:IEID>E20081121_AAAAEW</daitss:IEID>
              <daitss:DFID>F20081121_AABLLS</daitss:DFID>
            </daitss:INT_ENTITY_GLOBAL_FILE>
            <daitss:INT_ENTITY_GLOBAL_FILE>
              <daitss:IEID>E20081121_AAAAEW</daitss:IEID>
              <daitss:DFID>F20081121_AABLHC</daitss:DFID>
            </daitss:INT_ENTITY_GLOBAL_FILE>
            <daitss:INT_ENTITY_GLOBAL_FILE>
              <daitss:IEID>E20081121_AAAAEW</daitss:IEID>
              <daitss:DFID>F20081121_AABLNI</daitss:DFID>
            </daitss:INT_ENTITY_GLOBAL_FILE>
            <daitss:INT_ENTITY_GLOBAL_FILE>
              <daitss:IEID>E20081121_AAAAEW</daitss:IEID>
              <daitss:DFID>F20081121_AABLHU</daitss:DFID>
            </daitss:INT_ENTITY_GLOBAL_FILE>
            <daitss:INT_ENTITY_GLOBAL_FILE>
              <daitss:IEID>E20081121_AAAAEW</daitss:IEID>
              <daitss:DFID>F20081121_AABLNA</daitss:DFID>
            </daitss:INT_ENTITY_GLOBAL_FILE>
            <daitss:INT_ENTITY_GLOBAL_FILE>
              <daitss:IEID>E20081121_AAAAEW</daitss:IEID>
              <daitss:DFID>F20081121_AABLPG</daitss:DFID>
            </daitss:INT_ENTITY_GLOBAL_FILE>
            <daitss:INT_ENTITY_GLOBAL_FILE>
              <daitss:IEID>E20081121_AAAAEW</daitss:IEID>
              <daitss:DFID>F20081121_AABLSA</daitss:DFID>
            </daitss:INT_ENTITY_GLOBAL_FILE>
            <daitss:INT_ENTITY_GLOBAL_FILE>
              <daitss:IEID>E20081121_AAAAEW</daitss:IEID>
              <daitss:DFID>F20081121_AABLHI</daitss:DFID>
            </daitss:INT_ENTITY_GLOBAL_FILE>
            <daitss:INT_ENTITY_GLOBAL_FILE>
              <daitss:IEID>E20081121_AAAAEW</daitss:IEID>
              <daitss:DFID>F20081121_AABLJS</daitss:DFID>
            </daitss:INT_ENTITY_GLOBAL_FILE>
            <daitss:INT_ENTITY_GLOBAL_FILE>
              <daitss:IEID>E20081121_AAAAEW</daitss:IEID>
              <daitss:DFID>F20081121_AABLQY</daitss:DFID>
            </daitss:INT_ENTITY_GLOBAL_FILE>
            <daitss:INT_ENTITY_GLOBAL_FILE>
              <daitss:IEID>E20081121_AAAAEW</daitss:IEID>
              <daitss:DFID>F20081121_AABLJQ</daitss:DFID>
            </daitss:INT_ENTITY_GLOBAL_FILE>
            <daitss:INT_ENTITY_GLOBAL_FILE>
              <daitss:IEID>E20081121_AAAAEW</daitss:IEID>
              <daitss:DFID>F20081121_AABLHO</daitss:DFID>
            </daitss:INT_ENTITY_GLOBAL_FILE>
            <daitss:INT_ENTITY_GLOBAL_FILE>
              <daitss:IEID>E20081121_AAAAEW</daitss:IEID>
              <daitss:DFID>F20081121_AABLLM</daitss:DFID>
            </daitss:INT_ENTITY_GLOBAL_FILE>
            <daitss:INT_ENTITY_GLOBAL_FILE>
              <daitss:IEID>E20081121_AAAAEW</daitss:IEID>
              <daitss:DFID>F20081121_AABLRA</daitss:DFID>
            </daitss:INT_ENTITY_GLOBAL_FILE>
            <daitss:INT_ENTITY_GLOBAL_FILE>
              <daitss:IEID>E20081121_AAAAEW</daitss:IEID>
              <daitss:DFID>F20081121_AABLLU</daitss:DFID>
            </daitss:INT_ENTITY_GLOBAL_FILE>
            <daitss:INT_ENTITY_GLOBAL_FILE>
              <daitss:IEID>E20081121_AAAAEW</daitss:IEID>
              <daitss:DFID>F20081121_AABLHA</daitss:DFID>
            </daitss:INT_ENTITY_GLOBAL_FILE>
            <daitss:INT_ENTITY_GLOBAL_FILE>
              <daitss:IEID>E20081121_AAAAEW</daitss:IEID>
              <daitss:DFID>F20081121_AABLHG</daitss:DFID>
            </daitss:INT_ENTITY_GLOBAL_FILE>
            <daitss:INT_ENTITY_GLOBAL_FILE>
              <daitss:IEID>E20081121_AAAAEW</daitss:IEID>
              <daitss:DFID>F20081121_AABLLE</daitss:DFID>
            </daitss:INT_ENTITY_GLOBAL_FILE>
            <daitss:INT_ENTITY_GLOBAL_FILE>
              <daitss:IEID>E20081121_AAAAEW</daitss:IEID>
              <daitss:DFID>F20081121_AABLGY</daitss:DFID>
            </daitss:INT_ENTITY_GLOBAL_FILE>
            <daitss:INT_ENTITY_GLOBAL_FILE>
              <daitss:IEID>E20081121_AAAAEW</daitss:IEID>
              <daitss:DFID>F20081121_AABLPU</daitss:DFID>
            </daitss:INT_ENTITY_GLOBAL_FILE>
            <daitss:INT_ENTITY_GLOBAL_FILE>
              <daitss:IEID>E20081121_AAAAEW</daitss:IEID>
              <daitss:DFID>F20081121_AABLPK</daitss:DFID>
            </daitss:INT_ENTITY_GLOBAL_FILE>
            <daitss:INT_ENTITY_GLOBAL_FILE>
              <daitss:IEID>E20081121_AAAAEW</daitss:IEID>
              <daitss:DFID>F20081121_AABLRQ</daitss:DFID>
            </daitss:INT_ENTITY_GLOBAL_FILE>
            <daitss:INT_ENTITY_GLOBAL_FILE>
              <daitss:IEID>E20081121_AAAAEW</daitss:IEID>
              <daitss:DFID>F20081121_AABLKU</daitss:DFID>
            </daitss:INT_ENTITY_GLOBAL_FILE>
            <daitss:INT_ENTITY_GLOBAL_FILE>
              <daitss:IEID>E20081121_AAAAEW</daitss:IEID>
              <daitss:DFID>F20081121_AABLKG</daitss:DFID>
            </daitss:INT_ENTITY_GLOBAL_FILE>
            <daitss:INT_ENTITY_GLOBAL_FILE>
              <daitss:IEID>E20081121_AAAAEW</daitss:IEID>
              <daitss:DFID>F20081121_AABLMQ</daitss:DFID>
            </daitss:INT_ENTITY_GLOBAL_FILE>
            <daitss:INT_ENTITY_GLOBAL_FILE>
              <daitss:IEID>E20081121_AAAAEW</daitss:IEID>
              <daitss:DFID>F20081121_AABLKI</daitss:DFID>
            </daitss:INT_ENTITY_GLOBAL_FILE>
            <daitss:INT_ENTITY_GLOBAL_FILE>
              <daitss:IEID>E20081121_AAAAEW</daitss:IEID>
              <daitss:DFID>F20081121_AABLMM</daitss:DFID>
            </daitss:INT_ENTITY_GLOBAL_FILE>
            <daitss:INT_ENTITY_GLOBAL_FILE>
              <daitss:IEID>E20081121_AAAAEW</daitss:IEID>
              <daitss:DFID>F20081121_AABLNQ</daitss:DFID>
            </daitss:INT_ENTITY_GLOBAL_FILE>
            <daitss:INT_ENTITY_GLOBAL_FILE>
              <daitss:IEID>E20081121_AAAAEW</daitss:IEID>
              <daitss:DFID>F20081121_AABLQA</daitss:DFID>
            </daitss:INT_ENTITY_GLOBAL_FILE>
            <daitss:INT_ENTITY_GLOBAL_FILE>
              <daitss:IEID>E20081121_AAAAEW</daitss:IEID>
              <daitss:DFID>F20081121_AABLRI</daitss:DFID>
            </daitss:INT_ENTITY_GLOBAL_FILE>
            <daitss:INT_ENTITY_GLOBAL_FILE>
              <daitss:IEID>E20081121_AAAAEW</daitss:IEID>
              <daitss:DFID>F20081121_AABLKO</daitss:DFID>
            </daitss:INT_ENTITY_GLOBAL_FILE>
            <daitss:INT_ENTITY_GLOBAL_FILE>
              <daitss:IEID>E20081121_AAAAEW</daitss:IEID>
              <daitss:DFID>F20081121_AABLPC</daitss:DFID>
            </daitss:INT_ENTITY_GLOBAL_FILE>
            <daitss:INT_ENTITY_GLOBAL_FILE>
              <daitss:IEID>E20081121_AAAAEW</daitss:IEID>
              <daitss:DFID>F20081121_AABLKC</daitss:DFID>
            </daitss:INT_ENTITY_GLOBAL_FILE>
            <daitss:INT_ENTITY_GLOBAL_FILE>
              <daitss:IEID>E20081121_AAAAEW</daitss:IEID>
              <daitss:DFID>F20081121_AABLLK</daitss:DFID>
            </daitss:INT_ENTITY_GLOBAL_FILE>
            <daitss:INT_ENTITY_GLOBAL_FILE>
              <daitss:IEID>E20081121_AAAAEW</daitss:IEID>
              <daitss:DFID>F20081121_AABLOU</daitss:DFID>
            </daitss:INT_ENTITY_GLOBAL_FILE>
            <daitss:INT_ENTITY_GLOBAL_FILE>
              <daitss:IEID>E20081121_AAAAEW</daitss:IEID>
              <daitss:DFID>F20081121_AABLIA</daitss:DFID>
            </daitss:INT_ENTITY_GLOBAL_FILE>
            <daitss:INT_ENTITY_GLOBAL_FILE>
              <daitss:IEID>E20081121_AAAAEW</daitss:IEID>
              <daitss:DFID>F20081121_AABLPS</daitss:DFID>
            </daitss:INT_ENTITY_GLOBAL_FILE>
            <daitss:INT_ENTITY_GLOBAL_FILE>
              <daitss:IEID>E20081121_AAAAEW</daitss:IEID>
              <daitss:DFID>F20081121_AABLOY</daitss:DFID>
            </daitss:INT_ENTITY_GLOBAL_FILE>
            <daitss:INT_ENTITY_GLOBAL_FILE>
              <daitss:IEID>E20081121_AAAAEW</daitss:IEID>
              <daitss:DFID>F20081121_AABLFU</daitss:DFID>
            </daitss:INT_ENTITY_GLOBAL_FILE>
            <daitss:INT_ENTITY_GLOBAL_FILE>
              <daitss:IEID>E20081121_AAAAEW</daitss:IEID>
              <daitss:DFID>F20081121_AABLHE</daitss:DFID>
            </daitss:INT_ENTITY_GLOBAL_FILE>
            <daitss:INT_ENTITY_GLOBAL_FILE>
              <daitss:IEID>E20081121_AAAAEW</daitss:IEID>
              <daitss:DFID>F20081121_AABLGA</daitss:DFID>
            </daitss:INT_ENTITY_GLOBAL_FILE>
            <daitss:INT_ENTITY_GLOBAL_FILE>
              <daitss:IEID>E20081121_AAAAEW</daitss:IEID>
              <daitss:DFID>F20081121_AABLNG</daitss:DFID>
            </daitss:INT_ENTITY_GLOBAL_FILE>
            <daitss:INT_ENTITY_GLOBAL_FILE>
              <daitss:IEID>E20081121_AAAAEW</daitss:IEID>
              <daitss:DFID>F20081121_AABLLW</daitss:DFID>
            </daitss:INT_ENTITY_GLOBAL_FILE>
            <daitss:INT_ENTITY_GLOBAL_FILE>
              <daitss:IEID>E20081121_AAAAEW</daitss:IEID>
              <daitss:DFID>F20081121_AABLMS</daitss:DFID>
            </daitss:INT_ENTITY_GLOBAL_FILE>
            <daitss:INT_ENTITY_GLOBAL_FILE>
              <daitss:IEID>E20081121_AAAAEW</daitss:IEID>
              <daitss:DFID>F20081121_AABLII</daitss:DFID>
            </daitss:INT_ENTITY_GLOBAL_FILE>
            <daitss:INT_ENTITY_GLOBAL_FILE>
              <daitss:IEID>E20081121_AAAAEW</daitss:IEID>
              <daitss:DFID>F20081121_AABLLA</daitss:DFID>
            </daitss:INT_ENTITY_GLOBAL_FILE>
            <daitss:INT_ENTITY_GLOBAL_FILE>
              <daitss:IEID>E20081121_AAAAEW</daitss:IEID>
              <daitss:DFID>F20081121_AABLNY</daitss:DFID>
            </daitss:INT_ENTITY_GLOBAL_FILE>
            <daitss:INT_ENTITY_GLOBAL_FILE>
              <daitss:IEID>E20081121_AAAAEW</daitss:IEID>
              <daitss:DFID>F20081121_AABLHQ</daitss:DFID>
            </daitss:INT_ENTITY_GLOBAL_FILE>
          </daitss:daitss>
        </mets:xmlData>
      </mets:mdWrap>
    </mets:techMD>
    
<!--Intellectual Entity-->
    <mets:techMD ID="TMD-CORE-INTELLECTUAL-ENTITY">
      <mets:mdWrap MDTYPE="OTHER" OTHERMDTYPE="DAITSS">
        <mets:xmlData>
          <daitss:daitss>
            <daitss:ADMIN>
              <daitss:OID>E20081121_AAAAEW</daitss:OID>
              <daitss:INGEST_TIME>2008-11-21 22:04:40</daitss:INGEST_TIME>
              <daitss:ACCOUNT_PROJECT>1</daitss:ACCOUNT_PROJECT>
            </daitss:ADMIN>
            <daitss:INT_ENTITY>
              <daitss:IEID>E20081121_AAAAEW</daitss:IEID>
              <daitss:PACKAGE_NAME>FDA0666001</daitss:PACKAGE_NAME>
              <daitss:ENTITY_ID>FDA0666001</daitss:ENTITY_ID>
              <daitss:TITLE>The fdA Team</daitss:TITLE>
            </daitss:INT_ENTITY>
            <daitss:AGREEMENT_INFO ACCOUNT="FDA" PROJECT="FDA"></daitss:AGREEMENT_INFO>
          </daitss:daitss>
        </mets:xmlData>
      </mets:mdWrap>
    </mets:techMD>
    
<!--Events-->
    <mets:digiprovMD ID="DP-CORE-EVENTS">
      <mets:mdWrap MDTYPE="OTHER" OTHERMDTYPE="DAITSS">
        <mets:xmlData>
          <daitss:daitss>
            <daitss:EVENT>
              <daitss:ID>49624</daitss:ID>
              <daitss:OID>F20081121_AABLFL</daitss:OID>
              <daitss:EVENT_TYPE>CV</daitss:EVENT_TYPE>
              <daitss:DATE_TIME>2008-11-21 22:03:46</daitss:DATE_TIME>
              <daitss:EVENT_PROCEDURE>Checked for virus during DataFile creation</daitss:EVENT_PROCEDURE>
              <daitss:OUTCOME>SUCCESS</daitss:OUTCOME>
              <daitss:NOTE></daitss:NOTE>
            </daitss:EVENT>
            <daitss:EVENT>
              <daitss:ID>49625</daitss:ID>
              <daitss:OID>F20081121_AABLFM</daitss:OID>
              <daitss:EVENT_TYPE>CV</daitss:EVENT_TYPE>
              <daitss:DATE_TIME>2008-11-21 22:03:47</daitss:DATE_TIME>
              <daitss:EVENT_PROCEDURE>Checked for virus during DataFile creation</daitss:EVENT_PROCEDURE>
              <daitss:OUTCOME>SUCCESS</daitss:OUTCOME>
              <daitss:NOTE></daitss:NOTE>
            </daitss:EVENT>
            <daitss:EVENT>
              <daitss:ID>49626</daitss:ID>
              <daitss:OID>F20081121_AABLFN</daitss:OID>
              <daitss:EVENT_TYPE>CV</daitss:EVENT_TYPE>
              <daitss:DATE_TIME>2008-11-21 22:03:49</daitss:DATE_TIME>
              <daitss:EVENT_PROCEDURE>Checked for virus during DataFile creation</daitss:EVENT_PROCEDURE>
              <daitss:OUTCOME>SUCCESS</daitss:OUTCOME>
              <daitss:NOTE></daitss:NOTE>
            </daitss:EVENT>
            <daitss:EVENT>
              <daitss:ID>49629</daitss:ID>
              <daitss:OID>F20081121_AABLFN</daitss:OID>
              <daitss:EVENT_TYPE>DLK</daitss:EVENT_TYPE>
              <daitss:DATE_TIME>2008-11-21 22:03:50</daitss:DATE_TIME>
              <daitss:EVENT_PROCEDURE>Downloaded the file from the Internet</daitss:EVENT_PROCEDURE>
              <daitss:OUTCOME>SUCCESS</daitss:OUTCOME>
              <daitss:NOTE>File downloaded as: /stage/var/daitss/ingest/work/FDA0666001/E20081121_AAAAEW/links_20081121220345/www.loc.gov/standards/mets/version17/mets.v1-7.xsd</daitss:NOTE>
              <daitss:REL_OID>F20081121_AABLFM</daitss:REL_OID>
            </daitss:EVENT>
            <daitss:EVENT>
              <daitss:ID>49630</daitss:ID>
              <daitss:OID>F20081121_AABLFQ</daitss:OID>
              <daitss:EVENT_TYPE>CV</daitss:EVENT_TYPE>
              <daitss:DATE_TIME>2008-11-21 22:03:52</daitss:DATE_TIME>
              <daitss:EVENT_PROCEDURE>Checked for virus during DataFile creation</daitss:EVENT_PROCEDURE>
              <daitss:OUTCOME>SUCCESS</daitss:OUTCOME>
              <daitss:NOTE></daitss:NOTE>
            </daitss:EVENT>
            <daitss:EVENT>
              <daitss:ID>49633</daitss:ID>
              <daitss:OID>F20081121_AABLFQ</daitss:OID>
              <daitss:EVENT_TYPE>DLK</daitss:EVENT_TYPE>
              <daitss:DATE_TIME>2008-11-21 22:03:52</daitss:DATE_TIME>
              <daitss:EVENT_PROCEDURE>Downloaded the file from the Internet</daitss:EVENT_PROCEDURE>
              <daitss:OUTCOME>SUCCESS</daitss:OUTCOME>
              <daitss:NOTE>File downloaded as: /stage/var/daitss/ingest/work/FDA0666001/E20081121_AAAAEW/links_20081121220345/www.loc.gov/standards/mods/v3/mods-3-3.xsd</daitss:NOTE>
              <daitss:REL_OID>F20081121_AABLFM</daitss:REL_OID>
            </daitss:EVENT>
            <daitss:EVENT>
              <daitss:ID>49778</daitss:ID>
              <daitss:OID>F20081121_AABLFN</daitss:OID>
              <daitss:EVENT_TYPE>L</daitss:EVENT_TYPE>
              <daitss:DATE_TIME>2008-11-21 22:04:26</daitss:DATE_TIME>
              <daitss:EVENT_PROCEDURE>Made a copy of this XML file with relative links to files with relative links</daitss:EVENT_PROCEDURE>
              <daitss:OUTCOME>SUCCESS</daitss:OUTCOME>
              <daitss:NOTE>File derived from: /stage/var/daitss/ingest/work/FDA0666001/E20081121_AAAAEW/links_20081121220345/www.loc.gov/standards/mets/version17/mets.v1-7.xsd</daitss:NOTE>
              <daitss:REL_OID>F20081121_AABLLH</daitss:REL_OID>
            </daitss:EVENT>
            <daitss:EVENT>
              <daitss:ID>49779</daitss:ID>
              <daitss:OID>F20081121_AABLFQ</daitss:OID>
              <daitss:EVENT_TYPE>L</daitss:EVENT_TYPE>
              <daitss:DATE_TIME>2008-11-21 22:04:26</daitss:DATE_TIME>
              <daitss:EVENT_PROCEDURE>Made a copy of this XML file with relative links to files with relative links</daitss:EVENT_PROCEDURE>
              <daitss:OUTCOME>SUCCESS</daitss:OUTCOME>
              <daitss:NOTE>File derived from: /stage/var/daitss/ingest/work/FDA0666001/E20081121_AAAAEW/links_20081121220345/www.loc.gov/standards/mods/v3/mods-3-3.xsd</daitss:NOTE>
              <daitss:REL_OID>F20081121_AABLLI</daitss:REL_OID>
            </daitss:EVENT>
            <daitss:EVENT>
              <daitss:ID>49850</daitss:ID>
              <daitss:OID>F20081121_AABLFM</daitss:OID>
              <daitss:EVENT_TYPE>L</daitss:EVENT_TYPE>
              <daitss:DATE_TIME>2008-11-21 22:04:38</daitss:DATE_TIME>
              <daitss:EVENT_PROCEDURE>Made a copy of this XML file with relative links to files with relative links</daitss:EVENT_PROCEDURE>
              <daitss:OUTCOME>SUCCESS</daitss:OUTCOME>
              <daitss:NOTE>File derived from: /stage/var/daitss/ingest/work/FDA0666001/E20081121_AAAAEW/FDA0666001.xml</daitss:NOTE>
              <daitss:REL_OID>F20081121_AABLQT</daitss:REL_OID>
            </daitss:EVENT>
          </daitss:daitss>
        </mets:xmlData>
      </mets:mdWrap>
    </mets:digiprovMD>
  </mets:amdSec>
  
<!--AIP administrative meta data concerning files-->
  <mets:amdSec ID="AMD-AIP-FILE">
    <mets:techMD ID="TMD1">
      <mets:mdWrap MDTYPE="OTHER">
        <mets:xmlData>
          <daitss:daitss>
            <daitss:ADMIN>
              <daitss:OID>F20081121_AABLFL</daitss:OID>
              <daitss:INGEST_TIME>2008-11-21 22:04:40</daitss:INGEST_TIME>
              <daitss:ACCOUNT_PROJECT>1</daitss:ACCOUNT_PROJECT>
            </daitss:ADMIN>
            <daitss:DATA_FILE>
              <daitss:DFID>F20081121_AABLFL</daitss:DFID>
              <daitss:IEID>E20081121_AAAAEW</daitss:IEID>
              <daitss:CREATE_DATE>0000-00-00 00:00:00</daitss:CREATE_DATE>
              <daitss:FILE_COPY_DATE>0000-00-00 00:00:00</daitss:FILE_COPY_DATE>
              <daitss:DIP_VERSION>F20081121_AABLFL</daitss:DIP_VERSION>
              <daitss:ORIGIN>DEPOSITOR</daitss:ORIGIN>
              <daitss:PACKAGE_PATH>ateam.tiff</daitss:PACKAGE_PATH>
              <daitss:FILE_TITLE>ateam.tiff</daitss:FILE_TITLE>
              <daitss:FILE_EXT>tif</daitss:FILE_EXT>
              <daitss:FORMAT>IMG_TIFF_4_0</daitss:FORMAT>
              <daitss:CREATOR_PROG></daitss:CREATOR_PROG>
              <daitss:SIZE>921972</daitss:SIZE>
              <daitss:BYTE_ORDER>BE</daitss:BYTE_ORDER>
              <daitss:IS_ROOT>FALSE</daitss:IS_ROOT>
              <daitss:IS_GLOBAL>FALSE</daitss:IS_GLOBAL>
              <daitss:IS_OBSOLETE>FALSE</daitss:IS_OBSOLETE>
              <daitss:CAN_DELETE>FALSE</daitss:CAN_DELETE>
              <daitss:ROLE>CONTENT_FILE</daitss:ROLE>
              <daitss:PRES_LEVEL>FULL</daitss:PRES_LEVEL>
            </daitss:DATA_FILE>
            <daitss:MESSAGE_DIGEST>
              <daitss:DFID>F20081121_AABLFL</daitss:DFID>
              <daitss:CODE>sha-1</daitss:CODE>
              <daitss:VALUE>cd6244779b6f21b7000b55403d9451cf87f1bf1b</daitss:VALUE>
              <daitss:ORIGIN>ARCHIVE</daitss:ORIGIN>
            </daitss:MESSAGE_DIGEST>
            <daitss:MESSAGE_DIGEST>
              <daitss:DFID>F20081121_AABLFL</daitss:DFID>
              <daitss:CODE>md5</daitss:CODE>
              <daitss:VALUE>805ae75bc4595521e350564c90a56d28</daitss:VALUE>
              <daitss:ORIGIN>ARCHIVE</daitss:ORIGIN>
            </daitss:MESSAGE_DIGEST>
            <daitss:BITSTREAM>
              <daitss:DFID>F20081121_AABLFL</daitss:DFID>
              <daitss:BSID>F20081121_AABLFL_0</daitss:BSID>
              <daitss:SEQUENCE>1</daitss:SEQUENCE>
              <daitss:LOCATION>921638</daitss:LOCATION>
              <daitss:LOCATION_TYPE>FILE_BYTE_OFFSET</daitss:LOCATION_TYPE>
              <daitss:COMPRESSION>NONE</daitss:COMPRESSION>
              <daitss:BS_TABLE>BS_IMAGE</daitss:BS_TABLE>
              <daitss:ROLE>UNKNOWN</daitss:ROLE>
            </daitss:BITSTREAM>
            <daitss:BS_IMAGE>
              <daitss:DFID>F20081121_AABLFL</daitss:DFID>
              <daitss:BSID>F20081121_AABLFL_0</daitss:BSID>
              <daitss:BITS_PER_SAMPLE>8, 8, 8</daitss:BITS_PER_SAMPLE>
              <daitss:HAS_INTERNAL_CLUT>FALSE</daitss:HAS_INTERNAL_CLUT>
              <daitss:EXTRA_SAMPLES></daitss:EXTRA_SAMPLES>
              <daitss:ORIENTATION>TL</daitss:ORIENTATION>
              <daitss:COLOR_SPACE>RGB</daitss:COLOR_SPACE>
              <daitss:IMAGE_WIDTH>31457280</daitss:IMAGE_WIDTH>
              <daitss:IMAGE_LENGTH>31457280</daitss:IMAGE_LENGTH>
              <daitss:HAS_ICC_PROFILE>FALSE</daitss:HAS_ICC_PROFILE>
              <daitss:NUM_COMPONENTS>3</daitss:NUM_COMPONENTS>
              <daitss:RES_UNIT>IN</daitss:RES_UNIT>
              <daitss:RES_HORZ>41943040</daitss:RES_HORZ>
              <daitss:RES_VERT>31457280</daitss:RES_VERT>
              <daitss:SAMPLING_HOR>1:1:1</daitss:SAMPLING_HOR>
              <daitss:SAMPLING_VER>1:1:1</daitss:SAMPLING_VER>
              <daitss:BS_TABLE>BS_IMAGE_TIFF</daitss:BS_TABLE>
            </daitss:BS_IMAGE>
            <daitss:BS_IMAGE_TIFF>
              <daitss:DFID>F20081121_AABLFL</daitss:DFID>
              <daitss:BSID>F20081121_AABLFL_0</daitss:BSID>
              <daitss:HAS_CHROMATICITIES>FALSE</daitss:HAS_CHROMATICITIES>
              <daitss:NUM_STRIPS>8</daitss:NUM_STRIPS>
              <daitss:NUM_TILES>0</daitss:NUM_TILES>
              <daitss:PLANAR_CONFIG>CHUNKY</daitss:PLANAR_CONFIG>
              <daitss:STORAGE_SEGMENT>STRIP</daitss:STORAGE_SEGMENT>
              <daitss:MAX_STRIP_BYTES>130560</daitss:MAX_STRIP_BYTES>
              <daitss:ROWS_PER_STRIP>68</daitss:ROWS_PER_STRIP>
              <daitss:MAX_TILE_BYTES>0</daitss:MAX_TILE_BYTES>
              <daitss:TILE_LENGTH>0</daitss:TILE_LENGTH>
              <daitss:TILE_WIDTH>0</daitss:TILE_WIDTH>
            </daitss:BS_IMAGE_TIFF>
          </daitss:daitss>
        </mets:xmlData>
      </mets:mdWrap>
    </mets:techMD>
    <mets:techMD ID="TMD2">
      <mets:mdWrap MDTYPE="OTHER">
        <mets:xmlData>
          <daitss:daitss>
            <daitss:ADMIN>
              <daitss:OID>F20081121_AABLFN</daitss:OID>
              <daitss:INGEST_TIME>2008-11-21 22:04:40</daitss:INGEST_TIME>
              <daitss:ACCOUNT_PROJECT>1</daitss:ACCOUNT_PROJECT>
            </daitss:ADMIN>
            <daitss:DATA_FILE>
              <daitss:DFID>F20081121_AABLFN</daitss:DFID>
              <daitss:IEID>E20081121_AAAAEW</daitss:IEID>
              <daitss:CREATE_DATE>0000-00-00 00:00:00</daitss:CREATE_DATE>
              <daitss:FILE_COPY_DATE>0000-00-00 00:00:00</daitss:FILE_COPY_DATE>
              <daitss:DIP_VERSION>F20081121_AABLFN</daitss:DIP_VERSION>
              <daitss:ORIGIN>INTERNET</daitss:ORIGIN>
              <daitss:ORIG_URI>http://www.loc.gov/standards/mets/version17/mets.v1-7.xsd</daitss:ORIG_URI>
              <daitss:PACKAGE_PATH>links_20081121220345/www.loc.gov/standards/mets/version17/mets.v1-7.xsd</daitss:PACKAGE_PATH>
              <daitss:FILE_TITLE>mets.v1-7.xsd</daitss:FILE_TITLE>
              <daitss:FILE_EXT>xsd</daitss:FILE_EXT>
              <daitss:FORMAT>APP_XML_1_0</daitss:FORMAT>
              <daitss:CREATOR_PROG></daitss:CREATOR_PROG>
              <daitss:SIZE>79592</daitss:SIZE>
              <daitss:BYTE_ORDER>N/A</daitss:BYTE_ORDER>
              <daitss:IS_ROOT>TRUE</daitss:IS_ROOT>
              <daitss:IS_GLOBAL>FALSE</daitss:IS_GLOBAL>
              <daitss:IS_OBSOLETE>FALSE</daitss:IS_OBSOLETE>
              <daitss:CAN_DELETE>FALSE</daitss:CAN_DELETE>
              <daitss:ROLE>SCHEMA</daitss:ROLE>
              <daitss:PRES_LEVEL>FULL</daitss:PRES_LEVEL>
            </daitss:DATA_FILE>
            <daitss:MESSAGE_DIGEST>
              <daitss:DFID>F20081121_AABLFN</daitss:DFID>
              <daitss:CODE>sha-1</daitss:CODE>
              <daitss:VALUE>2bbd0e3166734d9316247259d6aa47632a56ffb5</daitss:VALUE>
              <daitss:ORIGIN>ARCHIVE</daitss:ORIGIN>
            </daitss:MESSAGE_DIGEST>
            <daitss:MESSAGE_DIGEST>
              <daitss:DFID>F20081121_AABLFN</daitss:DFID>
              <daitss:CODE>md5</daitss:CODE>
              <daitss:VALUE>5309516e3b6e8efc4872d14b6621a914</daitss:VALUE>
              <daitss:ORIGIN>ARCHIVE</daitss:ORIGIN>
            </daitss:MESSAGE_DIGEST>
            <daitss:BITSTREAM>
              <daitss:DFID>F20081121_AABLFN</daitss:DFID>
              <daitss:BSID>F20081121_AABLFN_0</daitss:BSID>
              <daitss:SEQUENCE>1</daitss:SEQUENCE>
              <daitss:LOCATION>0</daitss:LOCATION>
              <daitss:LOCATION_TYPE>FILE_BYTE_OFFSET</daitss:LOCATION_TYPE>
              <daitss:COMPRESSION>NOT_APPLICABLE</daitss:COMPRESSION>
              <daitss:BS_TABLE>BS_MARKUP</daitss:BS_TABLE>
              <daitss:ROLE>DOC_MAIN</daitss:ROLE>
            </daitss:BITSTREAM>
            <daitss:BS_MARKUP>
              <daitss:DFID>F20081121_AABLFN</daitss:DFID>
              <daitss:BSID>F20081121_AABLFN_0</daitss:BSID>
              <daitss:MARKUP_BASIS>XML</daitss:MARKUP_BASIS>
              <daitss:SCHEMA_TYPE>N/A</daitss:SCHEMA_TYPE>
              <daitss:MARKUP_LANGUAGE>http://www.w3.org/2001/XMLSchema</daitss:MARKUP_LANGUAGE>
              <daitss:VALID>N/A</daitss:VALID>
              <daitss:CHARSET>UTF-8</daitss:CHARSET>
              <daitss:CHARSET_ORIGIN>ARCHIVE</daitss:CHARSET_ORIGIN>
            </daitss:BS_MARKUP>
          </daitss:daitss>
        </mets:xmlData>
      </mets:mdWrap>
    </mets:techMD>
    <mets:techMD ID="TMD3">
      <mets:mdWrap MDTYPE="OTHER">
        <mets:xmlData>
          <daitss:daitss>
            <daitss:ADMIN>
              <daitss:OID>F20081121_AABLQT</daitss:OID>
              <daitss:INGEST_TIME>2008-11-21 22:04:40</daitss:INGEST_TIME>
              <daitss:ACCOUNT_PROJECT>1</daitss:ACCOUNT_PROJECT>
            </daitss:ADMIN>
            <daitss:DATA_FILE>
              <daitss:DFID>F20081121_AABLQT</daitss:DFID>
              <daitss:IEID>E20081121_AAAAEW</daitss:IEID>
              <daitss:CREATE_DATE>2008-11-21 22:04:38</daitss:CREATE_DATE>
              <daitss:FILE_COPY_DATE>0000-00-00 00:00:00</daitss:FILE_COPY_DATE>
              <daitss:DIP_VERSION>F20081121_AABLQT</daitss:DIP_VERSION>
              <daitss:ORIGIN>ARCHIVE</daitss:ORIGIN>
              <daitss:PACKAGE_PATH>FDA0666001_LOC.xml</daitss:PACKAGE_PATH>
              <daitss:FILE_TITLE>FDA0666001_LOC.xml</daitss:FILE_TITLE>
              <daitss:FILE_EXT>xml</daitss:FILE_EXT>
              <daitss:FORMAT>APP_XML_1_0</daitss:FORMAT>
              <daitss:CREATOR_PROG></daitss:CREATOR_PROG>
              <daitss:SIZE>1530</daitss:SIZE>
              <daitss:BYTE_ORDER>N/A</daitss:BYTE_ORDER>
              <daitss:IS_ROOT>TRUE</daitss:IS_ROOT>
              <daitss:IS_GLOBAL>FALSE</daitss:IS_GLOBAL>
              <daitss:IS_OBSOLETE>FALSE</daitss:IS_OBSOLETE>
              <daitss:CAN_DELETE>FALSE</daitss:CAN_DELETE>
              <daitss:ROLE>DESCRIPTOR_SIP</daitss:ROLE>
              <daitss:PRES_LEVEL>FULL</daitss:PRES_LEVEL>
            </daitss:DATA_FILE>
            <daitss:DATA_FILE_FORMAT_ATTRIBUTE>
              <daitss:DFID>F20081121_AABLQT</daitss:DFID>
              <daitss:FORMAT_ATTRIBUTE>APP_XML_HAS_W3D_SCHEMA</daitss:FORMAT_ATTRIBUTE>
            </daitss:DATA_FILE_FORMAT_ATTRIBUTE>
            <daitss:MESSAGE_DIGEST>
              <daitss:DFID>F20081121_AABLQT</daitss:DFID>
              <daitss:CODE>sha-1</daitss:CODE>
              <daitss:VALUE>0a108573ea86d5a02b3a6fe3f6e82f625a00ccfb</daitss:VALUE>
              <daitss:ORIGIN>ARCHIVE</daitss:ORIGIN>
            </daitss:MESSAGE_DIGEST>
            <daitss:MESSAGE_DIGEST>
              <daitss:DFID>F20081121_AABLQT</daitss:DFID>
              <daitss:CODE>md5</daitss:CODE>
              <daitss:VALUE>a72206a661646fea117c142382619273</daitss:VALUE>
              <daitss:ORIGIN>ARCHIVE</daitss:ORIGIN>
            </daitss:MESSAGE_DIGEST>
            <daitss:BITSTREAM>
              <daitss:DFID>F20081121_AABLQT</daitss:DFID>
              <daitss:BSID>F20081121_AABLQT_0</daitss:BSID>
              <daitss:SEQUENCE>1</daitss:SEQUENCE>
              <daitss:LOCATION>0</daitss:LOCATION>
              <daitss:LOCATION_TYPE>FILE_BYTE_OFFSET</daitss:LOCATION_TYPE>
              <daitss:COMPRESSION>NOT_APPLICABLE</daitss:COMPRESSION>
              <daitss:BS_TABLE>BS_MARKUP</daitss:BS_TABLE>
              <daitss:ROLE>DOC_MAIN</daitss:ROLE>
            </daitss:BITSTREAM>
            <daitss:BS_MARKUP>
              <daitss:DFID>F20081121_AABLQT</daitss:DFID>
              <daitss:BSID>F20081121_AABLQT_0</daitss:BSID>
              <daitss:MARKUP_BASIS>XML</daitss:MARKUP_BASIS>
              <daitss:SCHEMA_TYPE>W3C_XML_SCHEMA</daitss:SCHEMA_TYPE>
              <daitss:MARKUP_LANGUAGE>http://www.loc.gov/METS/</daitss:MARKUP_LANGUAGE>
              <daitss:SCHEMA_DFID>F20081121_AABLLH</daitss:SCHEMA_DFID>
              <daitss:VALID>TRUE</daitss:VALID>
              <daitss:CHARSET>UTF-8</daitss:CHARSET>
              <daitss:CHARSET_ORIGIN>ARCHIVE</daitss:CHARSET_ORIGIN>
            </daitss:BS_MARKUP>
          </daitss:daitss>
        </mets:xmlData>
      </mets:mdWrap>
    </mets:techMD>
    <mets:techMD ID="TMD4">
      <mets:mdWrap MDTYPE="OTHER">
        <mets:xmlData>
          <daitss:daitss>
            <daitss:ADMIN>
              <daitss:OID>F20081121_AABLFQ</daitss:OID>
              <daitss:INGEST_TIME>2008-11-21 22:04:40</daitss:INGEST_TIME>
              <daitss:ACCOUNT_PROJECT>1</daitss:ACCOUNT_PROJECT>
            </daitss:ADMIN>
            <daitss:DATA_FILE>
              <daitss:DFID>F20081121_AABLFQ</daitss:DFID>
              <daitss:IEID>E20081121_AAAAEW</daitss:IEID>
              <daitss:CREATE_DATE>0000-00-00 00:00:00</daitss:CREATE_DATE>
              <daitss:FILE_COPY_DATE>0000-00-00 00:00:00</daitss:FILE_COPY_DATE>
              <daitss:DIP_VERSION>F20081121_AABLFQ</daitss:DIP_VERSION>
              <daitss:ORIGIN>INTERNET</daitss:ORIGIN>
              <daitss:ORIG_URI>http://www.loc.gov/standards/mods/v3/mods-3-3.xsd</daitss:ORIG_URI>
              <daitss:PACKAGE_PATH>links_20081121220345/www.loc.gov/standards/mods/v3/mods-3-3.xsd</daitss:PACKAGE_PATH>
              <daitss:FILE_TITLE>mods-3-3.xsd</daitss:FILE_TITLE>
              <daitss:FILE_EXT>xsd</daitss:FILE_EXT>
              <daitss:FORMAT>APP_XML_1_0</daitss:FORMAT>
              <daitss:CREATOR_PROG></daitss:CREATOR_PROG>
              <daitss:SIZE>46412</daitss:SIZE>
              <daitss:BYTE_ORDER>N/A</daitss:BYTE_ORDER>
              <daitss:IS_ROOT>TRUE</daitss:IS_ROOT>
              <daitss:IS_GLOBAL>FALSE</daitss:IS_GLOBAL>
              <daitss:IS_OBSOLETE>FALSE</daitss:IS_OBSOLETE>
              <daitss:CAN_DELETE>FALSE</daitss:CAN_DELETE>
              <daitss:ROLE>SCHEMA</daitss:ROLE>
              <daitss:PRES_LEVEL>FULL</daitss:PRES_LEVEL>
            </daitss:DATA_FILE>
            <daitss:MESSAGE_DIGEST>
              <daitss:DFID>F20081121_AABLFQ</daitss:DFID>
              <daitss:CODE>sha-1</daitss:CODE>
              <daitss:VALUE>256180b9df9c46ed0f791f79bb8632572e817b4b</daitss:VALUE>
              <daitss:ORIGIN>ARCHIVE</daitss:ORIGIN>
            </daitss:MESSAGE_DIGEST>
            <daitss:MESSAGE_DIGEST>
              <daitss:DFID>F20081121_AABLFQ</daitss:DFID>
              <daitss:CODE>md5</daitss:CODE>
              <daitss:VALUE>34944daf51b678a8bab1012d4aadee1a</daitss:VALUE>
              <daitss:ORIGIN>ARCHIVE</daitss:ORIGIN>
            </daitss:MESSAGE_DIGEST>
            <daitss:BITSTREAM>
              <daitss:DFID>F20081121_AABLFQ</daitss:DFID>
              <daitss:BSID>F20081121_AABLFQ_0</daitss:BSID>
              <daitss:SEQUENCE>1</daitss:SEQUENCE>
              <daitss:LOCATION>0</daitss:LOCATION>
              <daitss:LOCATION_TYPE>FILE_BYTE_OFFSET</daitss:LOCATION_TYPE>
              <daitss:COMPRESSION>NOT_APPLICABLE</daitss:COMPRESSION>
              <daitss:BS_TABLE>BS_MARKUP</daitss:BS_TABLE>
              <daitss:ROLE>DOC_MAIN</daitss:ROLE>
            </daitss:BITSTREAM>
            <daitss:BS_MARKUP>
              <daitss:DFID>F20081121_AABLFQ</daitss:DFID>
              <daitss:BSID>F20081121_AABLFQ_0</daitss:BSID>
              <daitss:MARKUP_BASIS>XML</daitss:MARKUP_BASIS>
              <daitss:SCHEMA_TYPE>N/A</daitss:SCHEMA_TYPE>
              <daitss:MARKUP_LANGUAGE>http://www.w3.org/2001/XMLSchema</daitss:MARKUP_LANGUAGE>
              <daitss:VALID>N/A</daitss:VALID>
              <daitss:CHARSET>UTF-8</daitss:CHARSET>
              <daitss:CHARSET_ORIGIN>ARCHIVE</daitss:CHARSET_ORIGIN>
            </daitss:BS_MARKUP>
          </daitss:daitss>
        </mets:xmlData>
      </mets:mdWrap>
    </mets:techMD>
    <mets:techMD ID="TMD5">
      <mets:mdWrap MDTYPE="OTHER">
        <mets:xmlData>
          <daitss:daitss>
            <daitss:ADMIN>
              <daitss:OID>F20081121_AABLLI</daitss:OID>
              <daitss:INGEST_TIME>2008-11-21 22:04:40</daitss:INGEST_TIME>
              <daitss:ACCOUNT_PROJECT>1</daitss:ACCOUNT_PROJECT>
            </daitss:ADMIN>
            <daitss:DATA_FILE>
              <daitss:DFID>F20081121_AABLLI</daitss:DFID>
              <daitss:IEID>E20081121_AAAAEW</daitss:IEID>
              <daitss:CREATE_DATE>2008-11-21 22:04:26</daitss:CREATE_DATE>
              <daitss:FILE_COPY_DATE>0000-00-00 00:00:00</daitss:FILE_COPY_DATE>
              <daitss:DIP_VERSION>F20081121_AABLLI</daitss:DIP_VERSION>
              <daitss:ORIGIN>ARCHIVE</daitss:ORIGIN>
              <daitss:PACKAGE_PATH>links_20081121220345/www.loc.gov/standards/mods/v3/mods-3-3_LOC.xsd</daitss:PACKAGE_PATH>
              <daitss:FILE_TITLE>mods-3-3_LOC.xsd</daitss:FILE_TITLE>
              <daitss:FILE_EXT>xsd</daitss:FILE_EXT>
              <daitss:FORMAT>APP_XML_1_0</daitss:FORMAT>
              <daitss:CREATOR_PROG></daitss:CREATOR_PROG>
              <daitss:SIZE>49236</daitss:SIZE>
              <daitss:BYTE_ORDER>N/A</daitss:BYTE_ORDER>
              <daitss:IS_ROOT>TRUE</daitss:IS_ROOT>
              <daitss:IS_GLOBAL>FALSE</daitss:IS_GLOBAL>
              <daitss:IS_OBSOLETE>FALSE</daitss:IS_OBSOLETE>
              <daitss:CAN_DELETE>FALSE</daitss:CAN_DELETE>
              <daitss:ROLE>SCHEMA</daitss:ROLE>
              <daitss:PRES_LEVEL>FULL</daitss:PRES_LEVEL>
            </daitss:DATA_FILE>
            <daitss:MESSAGE_DIGEST>
              <daitss:DFID>F20081121_AABLLI</daitss:DFID>
              <daitss:CODE>sha-1</daitss:CODE>
              <daitss:VALUE>f5f0e840751077fff13b9fd36f965acaa406bede</daitss:VALUE>
              <daitss:ORIGIN>ARCHIVE</daitss:ORIGIN>
            </daitss:MESSAGE_DIGEST>
            <daitss:MESSAGE_DIGEST>
              <daitss:DFID>F20081121_AABLLI</daitss:DFID>
              <daitss:CODE>md5</daitss:CODE>
              <daitss:VALUE>2f12e2f182be59f3fc2ca83a5b7acc90</daitss:VALUE>
              <daitss:ORIGIN>ARCHIVE</daitss:ORIGIN>
            </daitss:MESSAGE_DIGEST>
            <daitss:BITSTREAM>
              <daitss:DFID>F20081121_AABLLI</daitss:DFID>
              <daitss:BSID>F20081121_AABLLI_0</daitss:BSID>
              <daitss:SEQUENCE>1</daitss:SEQUENCE>
              <daitss:LOCATION>0</daitss:LOCATION>
              <daitss:LOCATION_TYPE>FILE_BYTE_OFFSET</daitss:LOCATION_TYPE>
              <daitss:COMPRESSION>NOT_APPLICABLE</daitss:COMPRESSION>
              <daitss:BS_TABLE>BS_MARKUP</daitss:BS_TABLE>
              <daitss:ROLE>DOC_MAIN</daitss:ROLE>
            </daitss:BITSTREAM>
            <daitss:BS_MARKUP>
              <daitss:DFID>F20081121_AABLLI</daitss:DFID>
              <daitss:BSID>F20081121_AABLLI_0</daitss:BSID>
              <daitss:MARKUP_BASIS>XML</daitss:MARKUP_BASIS>
              <daitss:SCHEMA_TYPE>N/A</daitss:SCHEMA_TYPE>
              <daitss:MARKUP_LANGUAGE>http://www.w3.org/2001/XMLSchema</daitss:MARKUP_LANGUAGE>
              <daitss:VALID>N/A</daitss:VALID>
              <daitss:CHARSET>UTF-8</daitss:CHARSET>
              <daitss:CHARSET_ORIGIN>ARCHIVE</daitss:CHARSET_ORIGIN>
            </daitss:BS_MARKUP>
          </daitss:daitss>
        </mets:xmlData>
      </mets:mdWrap>
    </mets:techMD>
    <mets:techMD ID="TMD6">
      <mets:mdWrap MDTYPE="OTHER">
        <mets:xmlData>
          <daitss:daitss>
            <daitss:ADMIN>
              <daitss:OID>F20081121_AABLFM</daitss:OID>
              <daitss:INGEST_TIME>2008-11-21 22:04:40</daitss:INGEST_TIME>
              <daitss:ACCOUNT_PROJECT>1</daitss:ACCOUNT_PROJECT>
            </daitss:ADMIN>
            <daitss:DATA_FILE>
              <daitss:DFID>F20081121_AABLFM</daitss:DFID>
              <daitss:IEID>E20081121_AAAAEW</daitss:IEID>
              <daitss:CREATE_DATE>0000-00-00 00:00:00</daitss:CREATE_DATE>
              <daitss:FILE_COPY_DATE>0000-00-00 00:00:00</daitss:FILE_COPY_DATE>
              <daitss:DIP_VERSION>F20081121_AABLFM</daitss:DIP_VERSION>
              <daitss:ORIGIN>DEPOSITOR</daitss:ORIGIN>
              <daitss:PACKAGE_PATH>FDA0666001.xml</daitss:PACKAGE_PATH>
              <daitss:FILE_TITLE>FDA0666001.xml</daitss:FILE_TITLE>
              <daitss:FILE_EXT>xml</daitss:FILE_EXT>
              <daitss:FORMAT>APP_XML_1_0</daitss:FORMAT>
              <daitss:CREATOR_PROG></daitss:CREATOR_PROG>
              <daitss:SIZE>1414</daitss:SIZE>
              <daitss:BYTE_ORDER>N/A</daitss:BYTE_ORDER>
              <daitss:IS_ROOT>TRUE</daitss:IS_ROOT>
              <daitss:IS_GLOBAL>FALSE</daitss:IS_GLOBAL>
              <daitss:IS_OBSOLETE>FALSE</daitss:IS_OBSOLETE>
              <daitss:CAN_DELETE>FALSE</daitss:CAN_DELETE>
              <daitss:ROLE>DESCRIPTOR_SIP</daitss:ROLE>
              <daitss:PRES_LEVEL>FULL</daitss:PRES_LEVEL>
            </daitss:DATA_FILE>
            <daitss:DATA_FILE_FORMAT_ATTRIBUTE>
              <daitss:DFID>F20081121_AABLFM</daitss:DFID>
              <daitss:FORMAT_ATTRIBUTE>APP_XML_HAS_W3D_SCHEMA</daitss:FORMAT_ATTRIBUTE>
            </daitss:DATA_FILE_FORMAT_ATTRIBUTE>
            <daitss:MESSAGE_DIGEST>
              <daitss:DFID>F20081121_AABLFM</daitss:DFID>
              <daitss:CODE>sha-1</daitss:CODE>
              <daitss:VALUE>34bcb73f6ea7c852989b5dd108060c1bda989ddb</daitss:VALUE>
              <daitss:ORIGIN>ARCHIVE</daitss:ORIGIN>
            </daitss:MESSAGE_DIGEST>
            <daitss:MESSAGE_DIGEST>
              <daitss:DFID>F20081121_AABLFM</daitss:DFID>
              <daitss:CODE>md5</daitss:CODE>
              <daitss:VALUE>55aba159696bdbf7b4c1eca894e7c9de</daitss:VALUE>
              <daitss:ORIGIN>ARCHIVE</daitss:ORIGIN>
            </daitss:MESSAGE_DIGEST>
            <daitss:BITSTREAM>
              <daitss:DFID>F20081121_AABLFM</daitss:DFID>
              <daitss:BSID>F20081121_AABLFM_0</daitss:BSID>
              <daitss:SEQUENCE>1</daitss:SEQUENCE>
              <daitss:LOCATION>0</daitss:LOCATION>
              <daitss:LOCATION_TYPE>FILE_BYTE_OFFSET</daitss:LOCATION_TYPE>
              <daitss:COMPRESSION>NOT_APPLICABLE</daitss:COMPRESSION>
              <daitss:BS_TABLE>BS_MARKUP</daitss:BS_TABLE>
              <daitss:ROLE>DOC_MAIN</daitss:ROLE>
            </daitss:BITSTREAM>
            <daitss:BS_MARKUP>
              <daitss:DFID>F20081121_AABLFM</daitss:DFID>
              <daitss:BSID>F20081121_AABLFM_0</daitss:BSID>
              <daitss:MARKUP_BASIS>XML</daitss:MARKUP_BASIS>
              <daitss:SCHEMA_TYPE>W3C_XML_SCHEMA</daitss:SCHEMA_TYPE>
              <daitss:MARKUP_LANGUAGE>http://www.loc.gov/METS/</daitss:MARKUP_LANGUAGE>
              <daitss:SCHEMA_DFID>F20081121_AABLFN</daitss:SCHEMA_DFID>
              <daitss:VALID>TRUE</daitss:VALID>
              <daitss:CHARSET>UTF-8</daitss:CHARSET>
              <daitss:CHARSET_ORIGIN>ARCHIVE</daitss:CHARSET_ORIGIN>
            </daitss:BS_MARKUP>
          </daitss:daitss>
        </mets:xmlData>
      </mets:mdWrap>
    </mets:techMD>
    <mets:techMD ID="TMD7">
      <mets:mdWrap MDTYPE="OTHER">
        <mets:xmlData>
          <daitss:daitss>
            <daitss:ADMIN>
              <daitss:OID>F20081121_AABLLH</daitss:OID>
              <daitss:INGEST_TIME>2008-11-21 22:04:40</daitss:INGEST_TIME>
              <daitss:ACCOUNT_PROJECT>1</daitss:ACCOUNT_PROJECT>
            </daitss:ADMIN>
            <daitss:DATA_FILE>
              <daitss:DFID>F20081121_AABLLH</daitss:DFID>
              <daitss:IEID>E20081121_AAAAEW</daitss:IEID>
              <daitss:CREATE_DATE>2008-11-21 22:04:26</daitss:CREATE_DATE>
              <daitss:FILE_COPY_DATE>0000-00-00 00:00:00</daitss:FILE_COPY_DATE>
              <daitss:DIP_VERSION>F20081121_AABLLH</daitss:DIP_VERSION>
              <daitss:ORIGIN>ARCHIVE</daitss:ORIGIN>
              <daitss:PACKAGE_PATH>links_20081121220345/www.loc.gov/standards/mets/version17/mets_LOC.xsd</daitss:PACKAGE_PATH>
              <daitss:FILE_TITLE>mets_LOC.xsd</daitss:FILE_TITLE>
              <daitss:FILE_EXT>xsd</daitss:FILE_EXT>
              <daitss:FORMAT>APP_XML_1_0</daitss:FORMAT>
              <daitss:CREATOR_PROG></daitss:CREATOR_PROG>
              <daitss:SIZE>79608</daitss:SIZE>
              <daitss:BYTE_ORDER>N/A</daitss:BYTE_ORDER>
              <daitss:IS_ROOT>TRUE</daitss:IS_ROOT>
              <daitss:IS_GLOBAL>FALSE</daitss:IS_GLOBAL>
              <daitss:IS_OBSOLETE>FALSE</daitss:IS_OBSOLETE>
              <daitss:CAN_DELETE>FALSE</daitss:CAN_DELETE>
              <daitss:ROLE>SCHEMA</daitss:ROLE>
              <daitss:PRES_LEVEL>FULL</daitss:PRES_LEVEL>
            </daitss:DATA_FILE>
            <daitss:MESSAGE_DIGEST>
              <daitss:DFID>F20081121_AABLLH</daitss:DFID>
              <daitss:CODE>sha-1</daitss:CODE>
              <daitss:VALUE>f82a84d0ae8114f02bf3c7fdf47db9921b6bffb3</daitss:VALUE>
              <daitss:ORIGIN>ARCHIVE</daitss:ORIGIN>
            </daitss:MESSAGE_DIGEST>
            <daitss:MESSAGE_DIGEST>
              <daitss:DFID>F20081121_AABLLH</daitss:DFID>
              <daitss:CODE>md5</daitss:CODE>
              <daitss:VALUE>cce3ad334ce2c4a035e41b8988466f26</daitss:VALUE>
              <daitss:ORIGIN>ARCHIVE</daitss:ORIGIN>
            </daitss:MESSAGE_DIGEST>
            <daitss:BITSTREAM>
              <daitss:DFID>F20081121_AABLLH</daitss:DFID>
              <daitss:BSID>F20081121_AABLLH_0</daitss:BSID>
              <daitss:SEQUENCE>1</daitss:SEQUENCE>
              <daitss:LOCATION>0</daitss:LOCATION>
              <daitss:LOCATION_TYPE>FILE_BYTE_OFFSET</daitss:LOCATION_TYPE>
              <daitss:COMPRESSION>NOT_APPLICABLE</daitss:COMPRESSION>
              <daitss:BS_TABLE>BS_MARKUP</daitss:BS_TABLE>
              <daitss:ROLE>DOC_MAIN</daitss:ROLE>
            </daitss:BITSTREAM>
            <daitss:BS_MARKUP>
              <daitss:DFID>F20081121_AABLLH</daitss:DFID>
              <daitss:BSID>F20081121_AABLLH_0</daitss:BSID>
              <daitss:MARKUP_BASIS>XML</daitss:MARKUP_BASIS>
              <daitss:SCHEMA_TYPE>N/A</daitss:SCHEMA_TYPE>
              <daitss:MARKUP_LANGUAGE>http://www.w3.org/2001/XMLSchema</daitss:MARKUP_LANGUAGE>
              <daitss:VALID>N/A</daitss:VALID>
              <daitss:CHARSET>UTF-8</daitss:CHARSET>
              <daitss:CHARSET_ORIGIN>ARCHIVE</daitss:CHARSET_ORIGIN>
            </daitss:BS_MARKUP>
          </daitss:daitss>
        </mets:xmlData>
      </mets:mdWrap>
    </mets:techMD>
  </mets:amdSec>
  
<!--SIP administrative meta data-->
  <mets:amdSec ID="AMD-SIP-MD"></mets:amdSec>
  
<!--file section-->
  <mets:fileSec>
    <mets:fileGrp>
      <mets:file ADMID="TMD1" CHECKSUM="cd6244779b6f21b7000b55403d9451cf87f1bf1b" CHECKSUMTYPE="SHA-1" ID="FID1" MIMETYPE="image/tiff" SIZE="921972">
        <mets:FLocat LOCTYPE="URL" xlink:href="ateam.tiff"></mets:FLocat>
      </mets:file>
    </mets:fileGrp>
    
<!--file group for files not described by the sip descriptor-->
    <mets:fileGrp ID="UNDESCRIBED-FILES">
      <mets:file ADMID="TMD2" CHECKSUM="2bbd0e3166734d9316247259d6aa47632a56ffb5" CHECKSUMTYPE="SHA-1" ID="FID2" MIMETYPE="application/xml" SIZE="79592">
        <mets:FLocat LOCTYPE="URL" xlink:href="links_20081121220345/www.loc.gov/standards/mets/version17/mets.v1-7.xsd"></mets:FLocat>
      </mets:file>
      <mets:file ADMID="TMD3" CHECKSUM="0a108573ea86d5a02b3a6fe3f6e82f625a00ccfb" CHECKSUMTYPE="SHA-1" CREATED="2008-11-21T22:04:38" ID="FID3" MIMETYPE="application/xml" SIZE="1530">
        <mets:FLocat LOCTYPE="URL" xlink:href="FDA0666001_LOC.xml"></mets:FLocat>
      </mets:file>
      <mets:file ADMID="TMD4" CHECKSUM="256180b9df9c46ed0f791f79bb8632572e817b4b" CHECKSUMTYPE="SHA-1" ID="FID4" MIMETYPE="application/xml" SIZE="46412">
        <mets:FLocat LOCTYPE="URL" xlink:href="links_20081121220345/www.loc.gov/standards/mods/v3/mods-3-3.xsd"></mets:FLocat>
      </mets:file>
      <mets:file ADMID="TMD5" CHECKSUM="f5f0e840751077fff13b9fd36f965acaa406bede" CHECKSUMTYPE="SHA-1" CREATED="2008-11-21T22:04:26" ID="FID5" MIMETYPE="application/xml" SIZE="49236">
        <mets:FLocat LOCTYPE="URL" xlink:href="links_20081121220345/www.loc.gov/standards/mods/v3/mods-3-3_LOC.xsd"></mets:FLocat>
      </mets:file>
      <mets:file ADMID="TMD6" CHECKSUM="34bcb73f6ea7c852989b5dd108060c1bda989ddb" CHECKSUMTYPE="SHA-1" ID="FID6" MIMETYPE="application/xml" SIZE="1414">
        <mets:FLocat LOCTYPE="URL" xlink:href="FDA0666001.xml"></mets:FLocat>
      </mets:file>
      <mets:file ADMID="TMD7" CHECKSUM="f82a84d0ae8114f02bf3c7fdf47db9921b6bffb3" CHECKSUMTYPE="SHA-1" CREATED="2008-11-21T22:04:26" ID="FID7" MIMETYPE="application/xml" SIZE="79608">
        <mets:FLocat LOCTYPE="URL" xlink:href="links_20081121220345/www.loc.gov/standards/mets/version17/mets_LOC.xsd"></mets:FLocat>
      </mets:file>
    </mets:fileGrp>
  </mets:fileSec>
  
<!--structure map-->
  <mets:structMap ID="SMR0">
    <mets:div>
      <mets:fptr FILEID="FID6"></mets:fptr>
      <mets:fptr FILEID="FID1"></mets:fptr>
    </mets:div>
  </mets:structMap>
</mets:mets>

