<?xml version="1.0" encoding="UTF-8"?>
<METS:mets xmlns:METS="http://www.loc.gov/METS/" xmlns:daitss="http://www.fcla.edu/dls/md/daitss/" xmlns:mods="http://www.loc.gov/mods/v3" xmlns:xlink="http://www.w3.org/1999/xlink" xmlns:xsi="http://www.w3.org/2001/XMLSchema-instance" xsi:schemaLocation="http://www.loc.gov/METS/ links_20081121220345/www.loc.gov/standards/mets/version17/mets_LOC.xsd http://www.loc.gov/mods/v3 links_20081121220345/www.loc.gov/standards/mods/v3/mods-3-3_LOC.xsd http://www.fcla.edu/dls/md/daitss/ ../E20081121_AAAAEX/links_20081121220345/www.fcla.edu/dls/md/daitss/daitss_LOC.xsd" OBJID="FDA0666001">

  <METS:dmdSec ID="DMD-0">
    <METS:mdWrap MDTYPE="MODS">
      <METS:xmlData>
	<mods:mods>
	  <mods:titleInfo>
	    <mods:title>The fdA Team</mods:title>
	  </mods:titleInfo>
	</mods:mods>
      </METS:xmlData>
    </METS:mdWrap>
  </METS:dmdSec>

  <METS:amdSec>
    <METS:digiprovMD ID="DPMD-0">
      <METS:mdWrap OTHERMDTYPE="DAITSS" MDTYPE="OTHER">
	<METS:xmlData>
	  <daitss:daitss>
	    <daitss:AGREEMENT_INFO ACCOUNT="FDA" PROJECT="FDA"></daitss:AGREEMENT_INFO>
	  </daitss:daitss>
        </METS:xmlData>
      </METS:mdWrap>
    </METS:digiprovMD>
  </METS:amdSec>
  
  <METS:fileSec>
    <METS:fileGrp>
      <METS:file ID="FILE-0">
	<METS:FLocat xlink:href="ateam.tiff" LOCTYPE="URL"></METS:FLocat>
      </METS:file>
    </METS:fileGrp>
  </METS:fileSec>
  
  <METS:structMap>
    <METS:div>
      <METS:fptr FILEID="FILE-0"></METS:fptr>
    </METS:div>
  </METS:structMap>

</METS:mets>

